Timestamp,Crowd_Count,Density,Unique_People,Alerts
2026-07-23 18:59:21,11,MEDIUM,11,HIGH CROWD
2026-07-23 18:59:21,11,MEDIUM,11,HIGH CROWD
2026-07-23 18:59:21,10,MEDIUM,11,HIGH CROWD
2026-07-23 18:59:21,10,MEDIUM,11,HIGH CROWD
2026-07-23 18:59:21,10,MEDIUM,11,HIGH CROWD
2026-07-23 19:03:14,11,MEDIUM,11,HIGH CROWD
2026-07-23 19:03:15,11,MEDIUM,11,HIGH CROWD
2026-07-23 19:03:15,10,MEDIUM,11,HIGH CROWD
2026-07-23 19:03:15,10,MEDIUM,11,HIGH CROWD
2026-07-23 19:03:16,10,MEDIUM,11,HIGH CROWD
2026-07-23 19:03:16,11,MEDIUM,12,HIGH CROWD
2026-07-23 19:03:16,11,MEDIUM,12,HIGH CROWD
2026-07-23 19:03:16,10,MEDIUM,12,HIGH CROWD
2026-07-23 19:03:16,10,MEDIUM,12,HIGH CROWD
2026-07-23 19:03:17,9,MEDIUM,12,HIGH CROWD
2026-07-23 19:03:17,10,MEDIUM,12,HIGH CROWD
2026-07-23 19:03:17,10,MEDIUM,12,HIGH CROWD
2026-07-23 19:03:18,10,MEDIUM,12,HIGH CROWD
2026-07-23 19:03:18,10,MEDIUM,12,HIGH CROWD
2026-07-23 19:03:18,9,MEDIUM,13,HIGH CROWD
2026-07-23 19:03:18,9,MEDIUM,14,HIGH CROWD
2026-07-23 19:03:18,11,MEDIUM,14,HIGH CROWD
2026-07-23 19:03:19,10,MEDIUM,14,HIGH CROWD
2026-07-23 19:03:19,11,MEDIUM,15,HIGH CROWD
2026-07-23 19:03:19,8,MEDIUM,15,HIGH CROWD
2026-07-23 19:03:19,9,MEDIUM,15,HIGH CROWD
2026-07-23 19:03:20,8,MEDIUM,15,HIGH CROWD
2026-07-23 19:03:20,10,MEDIUM,15,HIGH CROWD
2026-07-23 19:03:20,8,MEDIUM,15,HIGH CROWD
2026-07-23 19:03:20,9,MEDIUM,15,HIGH CROWD
2026-07-23 19:03:20,9,MEDIUM,15,HIGH CROWD
2026-07-23 19:03:20,9,MEDIUM,15,HIGH CROWD
2026-07-23 19:03:21,9,MEDIUM,15,HIGH CROWD
2026-07-23 19:03:21,9,MEDIUM,15,HIGH CROWD
2026-07-23 19:03:21,11,MEDIUM,16,HIGH CROWD
2026-07-23 19:03:21,10,MEDIUM,16,HIGH CROWD
2026-07-23 19:03:21,11,MEDIUM,16,HIGH CROWD
2026-07-23 19:03:21,11,MEDIUM,16,HIGH CROWD
2026-07-23 19:03:22,11,MEDIUM,16,HIGH CROWD
2026-07-23 19:03:22,11,MEDIUM,16,HIGH CROWD
2026-07-23 19:03:22,12,MEDIUM,16,HIGH CROWD
2026-07-23 19:03:22,12,MEDIUM,16,HIGH CROWD
2026-07-23 19:03:22,12,MEDIUM,16,HIGH CROWD
2026-07-23 19:03:23,12,MEDIUM,16,HIGH CROWD
2026-07-23 19:03:23,12,MEDIUM,16,HIGH CROWD
2026-07-23 19:03:23,10,MEDIUM,16,HIGH CROWD
2026-07-23 19:03:23,11,MEDIUM,16,HIGH CROWD
2026-07-23 19:03:23,11,MEDIUM,16,HIGH CROWD
2026-07-23 19:03:24,11,MEDIUM,16,HIGH CROWD
2026-07-23 19:03:24,11,MEDIUM,16,HIGH CROWD
2026-07-23 19:03:24,10,MEDIUM,16,HIGH CROWD
2026-07-23 19:03:24,9,MEDIUM,16,HIGH CROWD
2026-07-23 19:03:24,11,MEDIUM,16,HIGH CROWD
2026-07-23 19:03:24,10,MEDIUM,16,HIGH CROWD
2026-07-23 19:03:25,10,MEDIUM,16,HIGH CROWD
2026-07-23 19:03:25,10,MEDIUM,16,HIGH CROWD
2026-07-23 19:03:25,10,MEDIUM,16,HIGH CROWD
2026-07-23 19:03:25,10,MEDIUM,16,HIGH CROWD
2026-07-23 19:03:25,11,MEDIUM,17,HIGH CROWD
2026-07-23 19:03:25,11,MEDIUM,17,HIGH CROWD
2026-07-23 19:03:26,11,MEDIUM,17,HIGH CROWD
2026-07-23 19:03:26,11,MEDIUM,17,HIGH CROWD
2026-07-23 19:03:26,10,MEDIUM,17,HIGH CROWD
2026-07-23 19:03:26,11,MEDIUM,17,HIGH CROWD
2026-07-23 19:03:26,10,MEDIUM,17,HIGH CROWD
2026-07-23 19:03:26,10,MEDIUM,17,HIGH CROWD
2026-07-23 19:03:27,10,MEDIUM,17,HIGH CROWD
2026-07-23 19:03:27,10,MEDIUM,17,HIGH CROWD
2026-07-23 19:03:27,10,MEDIUM,17,HIGH CROWD
2026-07-23 19:03:27,10,MEDIUM,17,HIGH CROWD
2026-07-23 19:03:27,10,MEDIUM,17,HIGH CROWD
2026-07-23 19:03:27,10,MEDIUM,17,HIGH CROWD
2026-07-23 19:03:28,10,MEDIUM,17,HIGH CROWD
2026-07-23 19:03:28,9,MEDIUM,17,HIGH CROWD
2026-07-23 19:03:28,9,MEDIUM,17,HIGH CROWD
2026-07-23 19:03:28,10,MEDIUM,17,HIGH CROWD
2026-07-23 19:03:28,10,MEDIUM,17,HIGH CROWD
2026-07-23 19:03:28,11,MEDIUM,17,HIGH CROWD
2026-07-23 19:03:29,11,MEDIUM,17,HIGH CROWD
2026-07-23 19:03:29,11,MEDIUM,17,HIGH CROWD
2026-07-23 19:03:29,10,MEDIUM,17,HIGH CROWD
2026-07-23 19:03:29,11,MEDIUM,17,HIGH CROWD
2026-07-23 19:03:29,11,MEDIUM,17,HIGH CROWD
2026-07-23 19:03:29,12,MEDIUM,18,HIGH CROWD
2026-07-23 19:03:30,11,MEDIUM,18,HIGH CROWD
2026-07-23 19:03:30,11,MEDIUM,18,HIGH CROWD
2026-07-23 19:03:30,10,MEDIUM,18,HIGH CROWD
2026-07-23 19:03:30,9,MEDIUM,18,HIGH CROWD
2026-07-23 19:03:31,9,MEDIUM,18,HIGH CROWD
2026-07-23 19:03:31,10,MEDIUM,18,HIGH CROWD
2026-07-23 19:03:31,11,MEDIUM,18,HIGH CROWD
2026-07-23 19:03:31,10,MEDIUM,18,HIGH CROWD
2026-07-23 19:03:31,11,MEDIUM,18,HIGH CROWD
2026-07-23 19:03:31,11,MEDIUM,18,HIGH CROWD
2026-07-23 19:03:32,12,MEDIUM,18,HIGH CROWD
2026-07-23 19:03:32,12,MEDIUM,18,HIGH CROWD
2026-07-23 19:03:32,12,MEDIUM,18,HIGH CROWD
2026-07-23 19:03:32,12,MEDIUM,18,HIGH CROWD
2026-07-23 19:03:32,12,MEDIUM,18,HIGH CROWD
2026-07-23 19:03:32,12,MEDIUM,18,HIGH CROWD
2026-07-23 19:03:32,13,MEDIUM,19,HIGH CROWD
2026-07-23 19:03:33,13,MEDIUM,19,HIGH CROWD
2026-07-23 19:03:33,13,MEDIUM,19,HIGH CROWD
2026-07-23 19:03:33,13,MEDIUM,19,HIGH CROWD
2026-07-23 19:03:33,13,MEDIUM,19,HIGH CROWD
2026-07-23 19:03:33,12,MEDIUM,19,HIGH CROWD
2026-07-23 19:03:34,12,MEDIUM,19,HIGH CROWD
2026-07-23 19:03:34,11,MEDIUM,19,HIGH CROWD
2026-07-23 19:03:34,11,MEDIUM,19,HIGH CROWD
2026-07-23 19:03:34,11,MEDIUM,19,HIGH CROWD
2026-07-23 19:03:34,11,MEDIUM,19,HIGH CROWD
2026-07-23 19:03:35,11,MEDIUM,19,HIGH CROWD
2026-07-23 19:03:35,12,MEDIUM,19,HIGH CROWD
2026-07-23 19:03:35,12,MEDIUM,19,HIGH CROWD
2026-07-23 19:03:35,11,MEDIUM,19,HIGH CROWD
2026-07-23 19:03:35,10,MEDIUM,19,HIGH CROWD
2026-07-23 19:03:35,10,MEDIUM,19,HIGH CROWD
2026-07-23 19:03:36,11,MEDIUM,19,HIGH CROWD
2026-07-23 19:03:36,11,MEDIUM,20,HIGH CROWD
2026-07-23 19:03:36,11,MEDIUM,20,HIGH CROWD
2026-07-23 19:03:36,11,MEDIUM,20,HIGH CROWD
2026-07-23 19:03:36,11,MEDIUM,20,HIGH CROWD
2026-07-23 19:03:36,12,MEDIUM,20,HIGH CROWD
2026-07-23 19:03:36,11,MEDIUM,20,HIGH CROWD
2026-07-23 19:03:37,12,MEDIUM,20,HIGH CROWD
2026-07-23 19:03:37,11,MEDIUM,20,HIGH CROWD
2026-07-23 19:03:37,12,MEDIUM,21,HIGH CROWD
2026-07-23 19:03:37,12,MEDIUM,21,HIGH CROWD
2026-07-23 19:03:37,11,MEDIUM,21,HIGH CROWD
2026-07-23 19:03:38,11,MEDIUM,21,HIGH CROWD
2026-07-23 19:03:38,10,MEDIUM,21,HIGH CROWD
2026-07-23 19:03:38,11,MEDIUM,22,HIGH CROWD
2026-07-23 19:03:38,11,MEDIUM,22,HIGH CROWD
2026-07-23 19:03:38,10,MEDIUM,23,HIGH CROWD
2026-07-23 19:03:39,12,MEDIUM,24,HIGH CROWD
2026-07-23 19:03:39,15,MEDIUM,25,HIGH CROWD
2026-07-23 19:03:39,14,MEDIUM,25,HIGH CROWD
2026-07-23 19:03:39,13,MEDIUM,25,HIGH CROWD
2026-07-23 19:03:39,11,MEDIUM,25,HIGH CROWD
2026-07-23 19:03:39,7,MEDIUM,25,
2026-07-23 19:03:40,8,MEDIUM,25,HIGH CROWD
2026-07-23 19:03:40,11,MEDIUM,25,HIGH CROWD
2026-07-23 19:03:40,12,MEDIUM,26,HIGH CROWD
2026-07-23 19:03:40,13,MEDIUM,27,HIGH CROWD
2026-07-23 19:03:40,13,MEDIUM,27,HIGH CROWD
2026-07-23 19:03:41,14,MEDIUM,27,HIGH CROWD
2026-07-23 19:03:41,13,MEDIUM,27,HIGH CROWD
2026-07-23 19:03:41,13,MEDIUM,27,HIGH CROWD
2026-07-23 19:03:41,14,MEDIUM,27,HIGH CROWD
2026-07-23 19:03:41,13,MEDIUM,28,HIGH CROWD
2026-07-23 19:03:41,13,MEDIUM,28,HIGH CROWD
2026-07-23 19:03:42,13,MEDIUM,28,HIGH CROWD
2026-07-23 19:03:42,12,MEDIUM,29,HIGH CROWD
2026-07-23 19:03:42,14,MEDIUM,30,HIGH CROWD
2026-07-23 19:03:42,13,MEDIUM,30,HIGH CROWD
2026-07-23 19:03:42,14,MEDIUM,30,HIGH CROWD
2026-07-23 19:03:43,13,MEDIUM,30,HIGH CROWD
2026-07-23 19:03:43,11,MEDIUM,30,HIGH CROWD
2026-07-23 19:03:43,15,MEDIUM,30,HIGH CROWD
2026-07-23 19:03:43,14,MEDIUM,31,HIGH CROWD
2026-07-23 19:03:43,9,MEDIUM,31,HIGH CROWD
2026-07-23 19:03:43,10,MEDIUM,31,HIGH CROWD
2026-07-23 19:03:44,14,MEDIUM,31,HIGH CROWD
2026-07-23 19:03:44,13,MEDIUM,31,HIGH CROWD
2026-07-23 19:03:44,14,MEDIUM,31,HIGH CROWD
2026-07-23 19:03:44,15,MEDIUM,32,HIGH CROWD
2026-07-23 19:03:44,13,MEDIUM,32,HIGH CROWD
2026-07-23 19:03:45,12,MEDIUM,32,HIGH CROWD
2026-07-23 19:03:45,13,MEDIUM,32,HIGH CROWD
2026-07-23 19:03:45,12,MEDIUM,32,HIGH CROWD
2026-07-23 19:03:45,12,MEDIUM,32,HIGH CROWD
2026-07-23 19:03:45,12,MEDIUM,33,HIGH CROWD
2026-07-23 19:03:46,13,MEDIUM,33,HIGH CROWD
2026-07-23 19:03:46,11,MEDIUM,33,HIGH CROWD
2026-07-23 19:03:46,12,MEDIUM,33,HIGH CROWD
2026-07-23 19:03:46,10,MEDIUM,33,HIGH CROWD
2026-07-23 19:03:46,7,MEDIUM,33,
2026-07-23 19:03:47,7,MEDIUM,33,
2026-07-23 19:03:47,9,MEDIUM,33,HIGH CROWD
2026-07-23 19:03:47,6,MEDIUM,33,
2026-07-23 19:03:47,7,MEDIUM,33,
2026-07-23 19:03:47,5,LOW,33,
2026-07-23 19:03:47,3,LOW,33,
2026-07-23 19:03:47,3,LOW,33,
2026-07-23 19:03:48,2,LOW,33,
2026-07-23 19:03:48,1,LOW,33,
2026-07-23 19:03:48,0,LOW,33,
2026-07-23 19:03:48,1,LOW,33,
2026-07-23 19:03:48,0,LOW,33,
2026-07-23 19:03:48,0,LOW,33,
2026-07-23 19:03:49,0,LOW,33,
2026-07-23 19:03:49,0,LOW,33,
2026-07-23 19:03:49,0,LOW,33,
2026-07-23 19:03:49,0,LOW,33,
2026-07-23 19:03:49,0,LOW,33,
2026-07-23 19:03:49,0,LOW,33,
2026-07-23 19:03:49,0,LOW,33,
2026-07-23 19:03:50,0,LOW,33,
2026-07-23 19:03:50,0,LOW,33,
2026-07-23 19:03:50,0,LOW,33,
2026-07-23 19:03:50,0,LOW,33,
2026-07-23 19:03:50,0,LOW,33,
2026-07-23 19:03:50,0,LOW,33,
2026-07-23 19:03:50,0,LOW,33,
2026-07-23 19:03:51,0,LOW,33,
2026-07-23 19:03:51,0,LOW,33,
2026-07-23 19:03:51,0,LOW,33,
2026-07-23 19:03:51,0,LOW,33,
2026-07-23 19:03:51,0,LOW,33,
2026-07-23 19:03:51,0,LOW,33,
2026-07-23 19:03:52,0,LOW,33,
2026-07-23 19:03:52,0,LOW,33,
2026-07-23 19:03:52,0,LOW,33,
2026-07-23 19:03:52,0,LOW,33,
2026-07-23 19:03:52,0,LOW,33,
2026-07-23 19:03:52,0,LOW,33,
2026-07-23 19:03:52,0,LOW,33,
2026-07-23 19:03:53,0,LOW,33,
2026-07-23 19:03:53,0,LOW,33,
2026-07-23 19:03:53,0,LOW,33,
2026-07-23 19:03:53,0,LOW,33,
2026-07-23 19:03:53,1,LOW,34,
2026-07-23 19:03:53,0,LOW,34,
2026-07-23 19:03:54,0,LOW,34,
2026-07-23 19:03:54,0,LOW,34,
2026-07-23 19:03:54,1,LOW,34,
2026-07-23 19:03:54,1,LOW,34,
2026-07-23 19:03:54,1,LOW,34,
2026-07-23 19:03:54,1,LOW,34,
2026-07-23 19:03:54,2,LOW,35,
2026-07-23 19:03:55,1,LOW,35,
2026-07-23 19:03:55,2,LOW,36,
2026-07-23 19:03:55,2,LOW,36,
2026-07-23 19:03:55,2,LOW,36,
2026-07-23 19:03:55,2,LOW,36,
2026-07-23 19:03:56,2,LOW,36,
2026-07-23 19:03:56,2,LOW,36,
2026-07-23 19:03:56,1,LOW,36,
2026-07-23 19:03:56,0,LOW,36,
2026-07-23 19:03:56,1,LOW,36,
2026-07-23 19:03:56,1,LOW,36,
2026-07-23 19:03:56,0,LOW,36,
2026-07-23 19:03:57,0,LOW,36,
2026-07-23 19:03:57,0,LOW,36,
2026-07-23 19:03:57,0,LOW,36,
2026-07-23 19:03:57,0,LOW,36,
2026-07-23 19:03:57,0,LOW,36,
2026-07-23 19:03:57,1,LOW,36,
2026-07-23 19:03:57,1,LOW,36,
2026-07-23 19:03:58,1,LOW,36,
2026-07-23 19:03:58,1,LOW,36,
2026-07-23 19:03:58,1,LOW,36,
2026-07-23 19:03:58,1,LOW,36,
2026-07-23 19:03:58,1,LOW,36,
2026-07-23 19:03:59,2,LOW,36,
2026-07-23 19:03:59,1,LOW,36,
2026-07-23 19:03:59,1,LOW,36,
2026-07-23 19:03:59,2,LOW,36,
2026-07-23 19:03:59,2,LOW,36,
2026-07-23 19:03:59,2,LOW,36,
2026-07-23 19:03:59,2,LOW,36,
2026-07-23 19:04:00,2,LOW,36,
2026-07-23 19:04:00,2,LOW,36,
2026-07-23 19:04:00,2,LOW,36,
2026-07-23 19:04:00,2,LOW,36,
2026-07-23 19:04:00,2,LOW,37,
2026-07-23 19:04:00,2,LOW,37,
2026-07-23 19:04:00,2,LOW,37,
2026-07-23 19:04:01,2,LOW,37,
2026-07-23 19:04:01,2,LOW,37,
2026-07-23 19:04:01,2,LOW,37,
2026-07-23 19:04:01,1,LOW,37,
2026-07-23 19:04:01,2,LOW,37,
2026-07-23 19:04:01,2,LOW,37,
2026-07-23 19:04:02,3,LOW,37,
2026-07-23 19:04:02,2,LOW,37,
2026-07-23 19:04:02,2,LOW,37,
2026-07-23 19:04:02,2,LOW,37,
2026-07-23 19:04:02,2,LOW,37,
2026-07-23 19:04:02,2,LOW,37,
2026-07-23 19:04:03,2,LOW,37,
2026-07-23 19:04:03,0,LOW,37,
2026-07-23 19:04:03,1,LOW,37,
2026-07-23 19:04:03,1,LOW,37,
2026-07-23 19:04:03,0,LOW,37,
2026-07-23 19:04:03,0,LOW,37,
2026-07-23 19:04:04,0,LOW,37,
2026-07-23 19:04:04,2,LOW,38,
2026-07-23 19:04:04,1,LOW,38,
2026-07-23 19:04:04,1,LOW,38,
2026-07-23 19:04:04,1,LOW,38,
2026-07-23 19:04:04,2,LOW,38,
2026-07-23 19:04:04,2,LOW,38,
2026-07-23 19:04:05,1,LOW,38,
2026-07-23 19:04:05,1,LOW,38,
2026-07-23 19:04:05,2,LOW,38,
2026-07-23 19:04:05,1,LOW,38,
2026-07-23 19:04:05,0,LOW,38,
2026-07-23 19:04:05,0,LOW,38,
2026-07-23 19:04:05,0,LOW,38,
2026-07-23 19:04:06,0,LOW,38,
2026-07-23 19:04:06,0,LOW,38,
2026-07-23 19:04:06,0,LOW,38,
2026-07-23 19:04:06,1,LOW,38,
2026-07-23 19:04:06,1,LOW,38,
2026-07-23 19:04:06,1,LOW,38,
2026-07-23 19:04:07,0,LOW,38,
2026-07-23 19:04:07,0,LOW,38,
2026-07-23 19:04:07,1,LOW,39,
2026-07-23 19:04:07,1,LOW,39,
2026-07-23 19:04:07,1,LOW,39,
2026-07-23 19:04:07,1,LOW,39,
2026-07-23 19:04:08,2,LOW,39,
2026-07-23 19:04:08,2,LOW,39,
2026-07-23 19:04:08,1,LOW,39,
2026-07-23 19:04:08,0,LOW,39,
2026-07-23 19:04:08,1,LOW,39,
2026-07-23 19:04:08,1,LOW,39,
2026-07-23 19:04:08,1,LOW,39,
2026-07-23 19:04:09,0,LOW,39,
2026-07-23 19:04:09,1,LOW,39,
2026-07-23 19:04:09,1,LOW,39,
2026-07-23 19:04:09,1,LOW,39,
2026-07-23 19:04:09,1,LOW,39,
2026-07-23 19:04:10,0,LOW,39,
2026-07-23 19:04:10,1,LOW,39,
2026-07-23 19:04:10,1,LOW,39,
2026-07-23 19:04:10,1,LOW,39,
2026-07-23 19:04:10,1,LOW,39,
2026-07-23 19:04:10,1,LOW,39,
2026-07-23 19:04:10,1,LOW,39,
2026-07-23 19:04:11,1,LOW,39,
2026-07-23 19:04:11,1,LOW,39,
2026-07-23 19:04:11,1,LOW,39,
2026-07-23 19:04:11,1,LOW,39,
2026-07-23 19:04:11,1,LOW,39,
2026-07-23 19:04:11,1,LOW,39,
2026-07-23 19:04:12,1,LOW,39,
2026-07-23 19:04:12,1,LOW,39,
2026-07-23 19:04:12,1,LOW,39,
2026-07-23 19:04:12,1,LOW,39,
2026-07-23 19:04:12,1,LOW,39,
2026-07-23 19:04:12,1,LOW,39,
2026-07-23 19:04:12,1,LOW,39,
2026-07-23 19:04:13,1,LOW,39,
2026-07-23 19:04:13,1,LOW,39,
2026-07-23 19:04:13,1,LOW,39,
2026-07-23 19:04:13,1,LOW,39,
2026-07-23 19:04:13,1,LOW,39,
2026-07-23 19:04:13,1,LOW,39,
2026-07-23 19:04:13,1,LOW,39,
2026-07-23 19:04:14,1,LOW,39,
2026-07-23 19:04:14,1,LOW,39,
2026-07-23 19:04:14,1,LOW,39,
2026-07-23 19:04:14,1,LOW,39,
2026-07-23 19:04:14,1,LOW,39,
2026-07-23 19:04:14,1,LOW,39,
2026-07-23 19:04:15,1,LOW,39,
2026-07-23 19:04:15,1,LOW,39,
2026-07-23 19:04:15,1,LOW,39,
2026-07-23 19:04:15,1,LOW,39,
2026-07-23 19:04:15,2,LOW,40,
2026-07-23 19:04:15,2,LOW,40,
2026-07-23 19:04:15,2,LOW,40,
2026-07-23 19:04:15,4,LOW,42,
2026-07-23 19:04:15,3,LOW,42,
2026-07-23 19:04:15,4,LOW,42,
2026-07-23 19:04:15,5,LOW,43,
2026-07-23 19:04:15,5,LOW,43,
2026-07-23 19:04:15,5,LOW,43,
2026-07-23 19:04:15,5,LOW,43,
2026-07-23 19:04:15,5,LOW,43,
2026-07-23 19:04:16,4,LOW,43,
2026-07-23 19:04:16,6,MEDIUM,44,
2026-07-23 19:04:16,7,MEDIUM,45,
2026-07-23 19:04:16,7,MEDIUM,45,
2026-07-23 19:04:16,6,MEDIUM,45,
2026-07-23 19:04:16,6,MEDIUM,45,
2026-07-23 19:04:16,7,MEDIUM,45,
2026-07-23 19:04:16,7,MEDIUM,45,
2026-07-23 19:04:16,7,MEDIUM,45,
2026-07-23 19:04:16,7,MEDIUM,45,
2026-07-23 19:04:16,7,MEDIUM,45,
2026-07-23 19:04:16,7,MEDIUM,45,
2026-07-23 19:04:16,6,MEDIUM,45,
2026-07-23 19:04:16,9,MEDIUM,47,HIGH CROWD
2026-07-23 19:04:16,8,MEDIUM,47,HIGH CROWD
2026-07-23 19:04:16,9,MEDIUM,48,HIGH CROWD
2026-07-23 19:04:17,9,MEDIUM,48,HIGH CROWD
2026-07-23 19:04:17,9,MEDIUM,48,HIGH CROWD
2026-07-23 19:04:17,9,MEDIUM,48,HIGH CROWD
2026-07-23 19:04:17,9,MEDIUM,48,HIGH CROWD
2026-07-23 19:04:17,7,MEDIUM,48,
2026-07-23 19:04:17,7,MEDIUM,48,
2026-07-23 19:04:17,6,MEDIUM,48,
2026-07-23 19:04:17,8,MEDIUM,48,HIGH CROWD
2026-07-23 19:04:17,7,MEDIUM,48,
2026-07-23 19:04:17,7,MEDIUM,48,
2026-07-23 19:04:17,7,MEDIUM,48,
2026-07-23 19:04:17,7,MEDIUM,48,
2026-07-23 19:04:17,6,MEDIUM,48,
2026-07-23 19:04:17,6,MEDIUM,48,
2026-07-23 19:04:17,6,MEDIUM,48,
2026-07-23 19:04:17,7,MEDIUM,48,
2026-07-23 19:04:17,7,MEDIUM,48,
2026-07-23 19:04:18,7,MEDIUM,48,
2026-07-23 19:04:18,7,MEDIUM,49,
2026-07-23 19:04:18,8,MEDIUM,49,HIGH CROWD
2026-07-23 19:04:18,8,MEDIUM,49,HIGH CROWD
2026-07-23 19:04:18,6,MEDIUM,49,
2026-07-23 19:04:18,6,MEDIUM,49,
2026-07-23 19:04:18,7,MEDIUM,49,
2026-07-23 19:04:18,7,MEDIUM,49,
2026-07-23 19:04:18,7,MEDIUM,49,
2026-07-23 19:04:18,7,MEDIUM,49,
2026-07-23 19:04:18,7,MEDIUM,49,
2026-07-23 19:04:18,7,MEDIUM,49,
2026-07-23 19:04:18,7,MEDIUM,49,
2026-07-23 19:04:18,7,MEDIUM,49,
2026-07-23 19:04:18,7,MEDIUM,50,
2026-07-23 19:04:18,8,MEDIUM,50,HIGH CROWD
2026-07-23 19:04:18,8,MEDIUM,50,HIGH CROWD
2026-07-23 19:04:18,8,MEDIUM,50,HIGH CROWD
2026-07-23 19:04:18,8,MEDIUM,50,HIGH CROWD
2026-07-23 19:04:19,8,MEDIUM,50,HIGH CROWD
2026-07-23 19:04:19,8,MEDIUM,50,HIGH CROWD
2026-07-23 19:04:19,8,MEDIUM,50,HIGH CROWD
2026-07-23 19:04:19,8,MEDIUM,50,HIGH CROWD
2026-07-23 19:04:19,8,MEDIUM,50,HIGH CROWD
2026-07-23 19:04:19,8,MEDIUM,50,HIGH CROWD
2026-07-23 19:04:19,8,MEDIUM,50,HIGH CROWD
2026-07-23 19:04:19,8,MEDIUM,50,HIGH CROWD
2026-07-23 19:04:19,8,MEDIUM,50,HIGH CROWD
2026-07-23 19:04:19,8,MEDIUM,50,HIGH CROWD
2026-07-23 19:04:19,8,MEDIUM,50,HIGH CROWD
2026-07-23 19:04:19,8,MEDIUM,50,HIGH CROWD
2026-07-23 19:04:19,8,MEDIUM,50,HIGH CROWD
2026-07-23 19:04:19,8,MEDIUM,50,HIGH CROWD
2026-07-23 19:04:19,8,MEDIUM,50,HIGH CROWD
2026-07-23 19:04:19,7,MEDIUM,50,
2026-07-23 19:04:19,8,MEDIUM,50,HIGH CROWD
2026-07-23 19:04:19,8,MEDIUM,50,HIGH CROWD
2026-07-23 19:04:20,8,MEDIUM,50,HIGH CROWD
2026-07-23 19:04:20,8,MEDIUM,50,HIGH CROWD
2026-07-23 19:04:20,7,MEDIUM,50,
2026-07-23 19:04:20,8,MEDIUM,50,HIGH CROWD
2026-07-23 19:04:20,8,MEDIUM,50,HIGH CROWD
2026-07-23 19:04:20,7,MEDIUM,50,
2026-07-23 19:04:20,7,MEDIUM,50,
2026-07-23 19:04:20,7,MEDIUM,50,
2026-07-23 19:04:20,8,MEDIUM,50,HIGH CROWD
2026-07-23 19:04:20,6,MEDIUM,51,
2026-07-23 19:04:20,6,MEDIUM,51,
2026-07-23 19:04:20,7,MEDIUM,51,
2026-07-23 19:04:20,7,MEDIUM,51,
2026-07-23 19:04:20,6,MEDIUM,52,
2026-07-23 19:04:20,7,MEDIUM,52,
2026-07-23 19:04:20,7,MEDIUM,52,
2026-07-23 19:04:20,7,MEDIUM,52,
2026-07-23 19:04:21,8,MEDIUM,52,HIGH CROWD
2026-07-23 19:04:21,8,MEDIUM,52,HIGH CROWD
2026-07-23 19:04:21,8,MEDIUM,52,HIGH CROWD
2026-07-23 19:04:21,7,MEDIUM,52,
2026-07-23 19:04:21,9,MEDIUM,52,HIGH CROWD
2026-07-23 19:04:21,9,MEDIUM,52,HIGH CROWD
2026-07-23 19:04:21,9,MEDIUM,52,HIGH CROWD
2026-07-23 19:04:21,7,MEDIUM,52,
2026-07-23 19:04:21,7,MEDIUM,52,
2026-07-23 19:04:21,7,MEDIUM,52,
2026-07-23 19:04:21,6,MEDIUM,52,
2026-07-23 19:04:21,7,MEDIUM,52,
2026-07-23 19:04:21,6,MEDIUM,52,
2026-07-23 19:04:21,6,MEDIUM,52,
2026-07-23 19:04:21,5,LOW,52,
2026-07-23 19:04:21,8,MEDIUM,52,HIGH CROWD
2026-07-23 19:04:21,5,LOW,52,
2026-07-23 19:04:21,6,MEDIUM,52,
2026-07-23 19:04:21,6,MEDIUM,52,
2026-07-23 19:04:22,6,MEDIUM,53,
2026-07-23 19:04:22,6,MEDIUM,53,
2026-07-23 19:04:22,8,MEDIUM,53,HIGH CROWD
2026-07-23 19:04:22,8,MEDIUM,53,HIGH CROWD
2026-07-23 19:04:22,8,MEDIUM,53,HIGH CROWD
2026-07-23 19:04:22,8,MEDIUM,53,HIGH CROWD
2026-07-23 19:04:22,8,MEDIUM,53,HIGH CROWD
2026-07-23 19:04:22,7,MEDIUM,53,
2026-07-23 19:04:22,7,MEDIUM,53,
2026-07-23 19:04:22,7,MEDIUM,53,
2026-07-23 19:04:22,7,MEDIUM,53,
2026-07-23 19:04:22,7,MEDIUM,53,
2026-07-23 19:04:22,8,MEDIUM,53,HIGH CROWD
2026-07-23 19:04:22,8,MEDIUM,53,HIGH CROWD
2026-07-23 19:04:22,7,MEDIUM,54,
2026-07-23 19:04:22,8,MEDIUM,54,HIGH CROWD
2026-07-23 19:04:22,8,MEDIUM,54,HIGH CROWD
2026-07-23 19:04:22,8,MEDIUM,54,HIGH CROWD
2026-07-23 19:04:22,8,MEDIUM,54,HIGH CROWD
2026-07-23 19:04:23,8,MEDIUM,54,HIGH CROWD
2026-07-23 19:04:23,8,MEDIUM,54,HIGH CROWD
2026-07-23 19:04:23,7,MEDIUM,54,
2026-07-23 19:04:23,6,MEDIUM,54,
2026-07-23 19:04:23,7,MEDIUM,54,
2026-07-23 19:04:23,8,MEDIUM,54,HIGH CROWD
2026-07-23 19:04:23,9,MEDIUM,55,HIGH CROWD
2026-07-23 19:04:23,8,MEDIUM,55,HIGH CROWD
2026-07-23 19:04:23,8,MEDIUM,55,HIGH CROWD
2026-07-23 19:04:23,8,MEDIUM,55,HIGH CROWD
2026-07-23 19:04:23,8,MEDIUM,55,HIGH CROWD
2026-07-23 19:04:23,8,MEDIUM,55,HIGH CROWD
2026-07-23 19:04:23,9,MEDIUM,56,HIGH CROWD
2026-07-23 19:04:23,9,MEDIUM,56,HIGH CROWD
2026-07-23 19:04:23,10,MEDIUM,56,HIGH CROWD
2026-07-23 19:04:23,9,MEDIUM,56,HIGH CROWD
2026-07-23 19:04:23,9,MEDIUM,56,HIGH CROWD
2026-07-23 19:04:23,8,MEDIUM,56,HIGH CROWD
2026-07-23 19:04:23,8,MEDIUM,56,HIGH CROWD
2026-07-23 19:04:24,8,MEDIUM,56,HIGH CROWD
2026-07-23 19:04:24,8,MEDIUM,56,HIGH CROWD
2026-07-23 19:04:24,8,MEDIUM,56,HIGH CROWD
2026-07-23 19:04:24,9,MEDIUM,56,HIGH CROWD
2026-07-23 19:04:24,8,MEDIUM,56,HIGH CROWD
2026-07-23 19:04:24,7,MEDIUM,56,
2026-07-23 19:04:24,8,MEDIUM,56,HIGH CROWD
2026-07-23 19:04:24,6,MEDIUM,56,
2026-07-23 19:04:24,6,MEDIUM,56,
2026-07-23 19:04:24,7,MEDIUM,56,
2026-07-23 19:04:24,7,MEDIUM,56,
2026-07-23 19:04:24,7,MEDIUM,56,
2026-07-23 19:04:24,7,MEDIUM,56,
2026-07-23 19:04:24,7,MEDIUM,56,
2026-07-23 19:04:24,7,MEDIUM,56,
2026-07-23 19:04:24,7,MEDIUM,56,
2026-07-23 19:04:24,7,MEDIUM,56,
2026-07-23 19:04:24,6,MEDIUM,56,
2026-07-23 19:04:24,7,MEDIUM,56,
2026-07-23 19:04:25,7,MEDIUM,56,
2026-07-23 19:04:25,6,MEDIUM,56,
2026-07-23 19:04:25,6,MEDIUM,56,
2026-07-23 19:04:25,6,MEDIUM,56,
2026-07-23 19:04:25,6,MEDIUM,56,
2026-07-23 19:04:25,5,LOW,56,
2026-07-23 19:04:25,6,MEDIUM,56,
2026-07-23 19:04:25,6,MEDIUM,56,
2026-07-23 19:04:25,6,MEDIUM,56,
2026-07-23 19:04:25,5,LOW,56,
2026-07-23 19:04:25,6,MEDIUM,56,
2026-07-23 19:04:25,5,LOW,56,
2026-07-23 19:04:25,5,LOW,56,
2026-07-23 19:04:25,5,LOW,56,
2026-07-23 19:04:25,5,LOW,56,
2026-07-23 19:04:25,5,LOW,56,
2026-07-23 19:04:25,7,MEDIUM,57,
2026-07-23 19:04:25,8,MEDIUM,58,HIGH CROWD
2026-07-23 19:04:25,8,MEDIUM,58,HIGH CROWD
2026-07-23 19:04:25,8,MEDIUM,58,HIGH CROWD
2026-07-23 19:04:26,7,MEDIUM,58,
2026-07-23 19:04:26,8,MEDIUM,58,HIGH CROWD
2026-07-23 19:04:26,8,MEDIUM,58,HIGH CROWD
2026-07-23 19:04:26,7,MEDIUM,58,
2026-07-23 19:04:26,6,MEDIUM,58,
2026-07-23 19:04:26,7,MEDIUM,58,
2026-07-23 19:04:26,7,MEDIUM,58,
2026-07-23 19:04:26,7,MEDIUM,58,
2026-07-23 19:04:26,7,MEDIUM,58,
2026-07-23 19:04:26,7,MEDIUM,58,
2026-07-23 19:04:26,6,MEDIUM,58,
2026-07-23 19:04:26,7,MEDIUM,58,
2026-07-23 19:04:26,7,MEDIUM,58,
2026-07-23 19:04:26,7,MEDIUM,58,
2026-07-23 19:04:26,7,MEDIUM,58,
2026-07-23 19:04:26,7,MEDIUM,58,
2026-07-23 19:04:26,7,MEDIUM,58,
2026-07-23 19:04:26,7,MEDIUM,59,
2026-07-23 19:04:26,8,MEDIUM,59,HIGH CROWD
2026-07-23 19:04:27,6,MEDIUM,59,
2026-07-23 19:04:27,7,MEDIUM,59,
2026-07-23 19:04:27,6,MEDIUM,59,
2026-07-23 19:04:27,7,MEDIUM,59,
2026-07-23 19:04:27,7,MEDIUM,59,
2026-07-23 19:04:27,6,MEDIUM,59,
2026-07-23 19:04:27,6,MEDIUM,59,
2026-07-23 19:04:27,6,MEDIUM,59,
2026-07-23 19:04:27,6,MEDIUM,59,
2026-07-23 19:04:27,6,MEDIUM,59,
2026-07-23 19:04:27,6,MEDIUM,59,
2026-07-23 19:04:27,6,MEDIUM,59,
2026-07-23 19:04:27,6,MEDIUM,59,
2026-07-23 19:04:27,6,MEDIUM,59,
2026-07-23 19:04:27,6,MEDIUM,59,
2026-07-23 19:04:27,6,MEDIUM,59,
2026-07-23 19:04:27,6,MEDIUM,59,
2026-07-23 19:04:27,6,MEDIUM,59,
2026-07-23 19:04:27,8,MEDIUM,60,HIGH CROWD
2026-07-23 19:04:28,7,MEDIUM,60,
2026-07-23 19:04:28,8,MEDIUM,60,HIGH CROWD
2026-07-23 19:04:28,6,MEDIUM,60,
2026-07-23 19:04:28,6,MEDIUM,61,
2026-07-23 19:04:28,8,MEDIUM,61,HIGH CROWD
2026-07-23 19:04:28,6,MEDIUM,61,
2026-07-23 19:04:28,7,MEDIUM,61,
2026-07-23 19:04:28,5,LOW,61,
2026-07-23 19:04:28,5,LOW,61,
2026-07-23 19:04:28,4,LOW,61,
2026-07-23 19:04:28,5,LOW,62,
2026-07-23 19:04:28,4,LOW,62,
2026-07-23 19:04:28,4,LOW,62,
2026-07-23 19:04:28,6,MEDIUM,62,
2026-07-23 19:04:28,4,LOW,62,
2026-07-23 19:04:28,3,LOW,62,
2026-07-23 19:04:28,4,LOW,62,
2026-07-23 19:04:28,4,LOW,62,
2026-07-23 19:04:28,4,LOW,62,
2026-07-23 19:04:28,4,LOW,62,
2026-07-23 19:04:29,4,LOW,62,
2026-07-23 19:04:29,5,LOW,63,
2026-07-23 19:04:29,7,MEDIUM,63,
2026-07-23 19:04:29,5,LOW,63,
2026-07-23 19:04:29,6,MEDIUM,64,
2026-07-23 19:04:29,8,MEDIUM,64,HIGH CROWD
2026-07-23 19:04:29,7,MEDIUM,65,
2026-07-23 19:04:29,9,MEDIUM,66,HIGH CROWD
2026-07-23 19:04:29,8,MEDIUM,66,HIGH CROWD
2026-07-23 19:04:29,7,MEDIUM,67,
2026-07-23 19:04:29,4,LOW,67,
2026-07-23 19:04:29,6,MEDIUM,67,
2026-07-23 19:04:29,4,LOW,67,
2026-07-23 19:04:29,5,LOW,67,
2026-07-23 19:04:29,5,LOW,67,
2026-07-23 19:04:29,3,LOW,67,
2026-07-23 19:04:29,3,LOW,67,
2026-07-23 19:04:29,3,LOW,67,
2026-07-23 19:04:30,3,LOW,67,
2026-07-23 19:04:30,2,LOW,67,
2026-07-23 19:04:30,0,LOW,67,
2026-07-23 19:04:30,2,LOW,67,
2026-07-23 19:04:30,1,LOW,67,
2026-07-23 19:04:30,1,LOW,67,
2026-07-23 19:04:30,2,LOW,67,
2026-07-23 19:04:30,2,LOW,67,
2026-07-23 19:04:30,2,LOW,67,
2026-07-23 19:04:30,1,LOW,67,
2026-07-23 19:04:30,1,LOW,68,
2026-07-23 19:04:30,1,LOW,68,
2026-07-23 19:04:30,3,LOW,69,
2026-07-23 19:04:30,1,LOW,69,
2026-07-23 19:04:30,2,LOW,69,
2026-07-23 19:04:30,2,LOW,69,
2026-07-23 19:04:30,3,LOW,69,
2026-07-23 19:04:30,4,LOW,69,
2026-07-23 19:04:30,3,LOW,69,
2026-07-23 19:04:30,2,LOW,69,
2026-07-23 19:04:31,3,LOW,70,
2026-07-23 19:04:31,2,LOW,70,
2026-07-23 19:04:31,1,LOW,70,
2026-07-23 19:04:31,5,LOW,71,
2026-07-23 19:04:31,7,MEDIUM,72,
2026-07-23 19:04:31,7,MEDIUM,72,
2026-07-23 19:04:31,6,MEDIUM,72,
2026-07-23 19:04:31,6,MEDIUM,72,
2026-07-23 19:04:31,7,MEDIUM,72,
2026-07-23 19:04:31,7,MEDIUM,72,
2026-07-23 19:04:31,6,MEDIUM,72,
2026-07-23 19:04:31,6,MEDIUM,72,
2026-07-23 19:04:31,6,MEDIUM,72,
2026-07-23 19:04:31,5,LOW,72,
2026-07-23 19:04:31,6,MEDIUM,72,
2026-07-23 19:04:31,6,MEDIUM,72,
2026-07-23 19:04:31,6,MEDIUM,72,
2026-07-23 19:04:31,6,MEDIUM,72,
2026-07-23 19:04:31,6,MEDIUM,72,
2026-07-23 19:04:32,6,MEDIUM,72,
2026-07-23 19:04:32,6,MEDIUM,72,
2026-07-23 19:04:32,6,MEDIUM,72,
2026-07-23 19:04:32,5,LOW,72,
2026-07-23 19:04:32,4,LOW,72,
2026-07-23 19:04:32,4,LOW,72,
2026-07-23 19:04:32,4,LOW,72,
2026-07-23 19:04:32,4,LOW,72,
2026-07-23 19:04:32,5,LOW,72,
2026-07-23 19:04:32,5,LOW,72,
2026-07-23 19:04:32,5,LOW,72,
2026-07-23 19:04:32,5,LOW,72,
2026-07-23 19:04:32,6,MEDIUM,73,
2026-07-23 19:04:32,5,LOW,73,
2026-07-23 19:04:32,4,LOW,73,
2026-07-23 19:04:32,3,LOW,73,
2026-07-23 19:04:32,4,LOW,73,
2026-07-23 19:04:32,3,LOW,73,
2026-07-23 19:04:32,3,LOW,73,
2026-07-23 19:04:33,4,LOW,73,
2026-07-23 19:04:33,4,LOW,73,
2026-07-23 19:04:33,4,LOW,73,
2026-07-23 19:04:33,4,LOW,73,
2026-07-23 19:04:33,5,LOW,73,
2026-07-23 19:04:33,5,LOW,74,
2026-07-23 19:04:33,4,LOW,74,
2026-07-23 19:04:33,5,LOW,74,
2026-07-23 19:04:33,5,LOW,74,
2026-07-23 19:04:33,5,LOW,74,
2026-07-23 19:04:33,4,LOW,74,
2026-07-23 19:04:33,3,LOW,74,
2026-07-23 19:04:33,4,LOW,74,
2026-07-23 19:04:33,3,LOW,74,
2026-07-23 19:04:33,4,LOW,74,
2026-07-23 19:04:33,5,LOW,74,
2026-07-23 19:04:33,5,LOW,74,
2026-07-23 19:04:33,5,LOW,74,
2026-07-23 19:04:34,5,LOW,75,
2026-07-23 19:04:34,5,LOW,75,
2026-07-23 19:04:34,5,LOW,75,
2026-07-23 19:04:34,5,LOW,76,
2026-07-23 19:04:34,6,MEDIUM,77,
2026-07-23 19:04:34,5,LOW,77,
2026-07-23 19:04:34,7,MEDIUM,77,
2026-07-23 19:04:34,7,MEDIUM,78,
2026-07-23 19:04:34,8,MEDIUM,78,HIGH CROWD
2026-07-23 19:04:34,7,MEDIUM,78,
2026-07-23 19:04:34,7,MEDIUM,78,
2026-07-23 19:04:34,7,MEDIUM,78,
2026-07-23 19:04:34,7,MEDIUM,78,
2026-07-23 19:04:34,7,MEDIUM,78,
2026-07-23 19:04:34,7,MEDIUM,78,
2026-07-23 19:04:35,7,MEDIUM,78,
2026-07-23 19:04:35,8,MEDIUM,78,HIGH CROWD
2026-07-23 19:04:35,9,MEDIUM,79,HIGH CROWD
2026-07-23 19:04:35,9,MEDIUM,79,HIGH CROWD
2026-07-23 19:04:35,9,MEDIUM,79,HIGH CROWD
2026-07-23 19:04:35,9,MEDIUM,79,HIGH CROWD
2026-07-23 19:04:35,8,MEDIUM,79,HIGH CROWD
2026-07-23 19:04:35,8,MEDIUM,79,HIGH CROWD
2026-07-23 19:04:35,8,MEDIUM,79,HIGH CROWD
2026-07-23 19:04:35,8,MEDIUM,79,HIGH CROWD
2026-07-23 19:04:35,8,MEDIUM,79,HIGH CROWD
2026-07-23 19:04:35,8,MEDIUM,79,HIGH CROWD
2026-07-23 19:04:35,8,MEDIUM,79,HIGH CROWD
2026-07-23 19:04:35,6,MEDIUM,79,
2026-07-23 19:04:35,7,MEDIUM,80,
2026-07-23 19:04:35,7,MEDIUM,80,
2026-07-23 19:04:35,8,MEDIUM,80,HIGH CROWD
2026-07-23 19:04:36,9,MEDIUM,81,HIGH CROWD
2026-07-23 19:04:36,8,MEDIUM,81,HIGH CROWD
2026-07-23 19:04:36,8,MEDIUM,81,HIGH CROWD
2026-07-23 19:04:36,8,MEDIUM,82,HIGH CROWD
2026-07-23 19:04:36,7,MEDIUM,82,
2026-07-23 19:04:36,8,MEDIUM,82,HIGH CROWD
2026-07-23 19:04:36,7,MEDIUM,83,
2026-07-23 19:04:36,7,MEDIUM,83,
2026-07-23 19:04:36,8,MEDIUM,83,HIGH CROWD
2026-07-23 19:04:36,9,MEDIUM,83,HIGH CROWD
2026-07-23 19:04:36,7,MEDIUM,83,
2026-07-23 19:04:36,8,MEDIUM,84,HIGH CROWD
2026-07-23 19:04:36,6,MEDIUM,84,
2026-07-23 19:04:36,6,MEDIUM,84,
2026-07-23 19:04:37,7,MEDIUM,84,
2026-07-23 19:04:37,9,MEDIUM,84,HIGH CROWD
2026-07-23 19:04:37,8,MEDIUM,84,HIGH CROWD
2026-07-23 19:04:37,7,MEDIUM,85,
2026-07-23 19:04:37,10,MEDIUM,85,HIGH CROWD
2026-07-23 19:04:37,10,MEDIUM,85,HIGH CROWD
2026-07-23 19:04:37,10,MEDIUM,85,HIGH CROWD
2026-07-23 19:04:37,10,MEDIUM,85,HIGH CROWD
2026-07-23 19:04:37,10,MEDIUM,85,HIGH CROWD
2026-07-23 19:04:37,9,MEDIUM,85,HIGH CROWD
2026-07-23 19:04:37,8,MEDIUM,85,HIGH CROWD
2026-07-23 19:04:37,8,MEDIUM,85,HIGH CROWD
2026-07-23 19:04:37,8,MEDIUM,85,HIGH CROWD
2026-07-23 19:04:38,8,MEDIUM,85,HIGH CROWD
2026-07-23 19:04:38,9,MEDIUM,86,HIGH CROWD
2026-07-23 19:04:38,9,MEDIUM,86,HIGH CROWD
2026-07-23 19:04:38,8,MEDIUM,86,HIGH CROWD
2026-07-23 19:04:38,9,MEDIUM,86,HIGH CROWD
2026-07-23 19:04:45,11,MEDIUM,11,HIGH CROWD
2026-07-23 19:04:45,11,MEDIUM,11,HIGH CROWD
2026-07-23 19:04:45,10,MEDIUM,11,HIGH CROWD
2026-07-23 19:04:45,10,MEDIUM,11,HIGH CROWD
2026-07-23 19:04:45,10,MEDIUM,11,HIGH CROWD
2026-07-23 19:04:45,11,MEDIUM,12,HIGH CROWD
2026-07-23 19:04:45,11,MEDIUM,12,HIGH CROWD
2026-07-23 19:04:45,10,MEDIUM,12,HIGH CROWD
2026-07-23 19:04:46,10,MEDIUM,12,HIGH CROWD
2026-07-23 19:04:46,9,MEDIUM,12,HIGH CROWD
2026-07-23 19:04:46,10,MEDIUM,12,HIGH CROWD
2026-07-23 19:04:46,10,MEDIUM,12,HIGH CROWD
2026-07-23 19:04:46,10,MEDIUM,12,HIGH CROWD
2026-07-23 19:04:46,10,MEDIUM,12,HIGH CROWD
2026-07-23 19:04:46,9,MEDIUM,13,HIGH CROWD
2026-07-23 19:04:46,9,MEDIUM,14,HIGH CROWD
2026-07-23 19:04:46,11,MEDIUM,14,HIGH CROWD
2026-07-23 19:04:46,10,MEDIUM,14,HIGH CROWD
2026-07-23 19:04:46,11,MEDIUM,15,HIGH CROWD
2026-07-23 19:04:46,8,MEDIUM,15,HIGH CROWD
2026-07-23 19:04:46,9,MEDIUM,15,HIGH CROWD
2026-07-23 19:04:46,8,MEDIUM,15,HIGH CROWD
2026-07-23 19:04:46,10,MEDIUM,15,HIGH CROWD
2026-07-23 19:04:46,8,MEDIUM,15,HIGH CROWD
2026-07-23 19:04:46,9,MEDIUM,15,HIGH CROWD
2026-07-23 19:04:46,9,MEDIUM,15,HIGH CROWD
2026-07-23 19:04:46,9,MEDIUM,15,HIGH CROWD
2026-07-23 19:04:47,9,MEDIUM,15,HIGH CROWD
2026-07-23 19:04:47,9,MEDIUM,15,HIGH CROWD
2026-07-23 19:04:47,11,MEDIUM,16,HIGH CROWD
2026-07-23 19:04:47,10,MEDIUM,16,HIGH CROWD
2026-07-23 19:04:47,11,MEDIUM,16,HIGH CROWD
2026-07-23 19:04:47,11,MEDIUM,16,HIGH CROWD
2026-07-23 19:04:47,11,MEDIUM,16,HIGH CROWD
2026-07-23 19:04:47,11,MEDIUM,16,HIGH CROWD
2026-07-23 19:04:47,12,MEDIUM,16,HIGH CROWD
2026-07-23 19:04:47,12,MEDIUM,16,HIGH CROWD
2026-07-23 19:04:47,12,MEDIUM,16,HIGH CROWD
2026-07-23 19:04:47,12,MEDIUM,16,HIGH CROWD
2026-07-23 19:04:47,12,MEDIUM,16,HIGH CROWD
2026-07-23 19:04:47,10,MEDIUM,16,HIGH CROWD
2026-07-23 19:04:47,11,MEDIUM,16,HIGH CROWD
2026-07-23 19:04:47,11,MEDIUM,16,HIGH CROWD
2026-07-23 19:04:47,11,MEDIUM,16,HIGH CROWD
2026-07-23 19:04:47,11,MEDIUM,16,HIGH CROWD
2026-07-23 19:04:48,10,MEDIUM,16,HIGH CROWD
2026-07-23 19:04:48,9,MEDIUM,16,HIGH CROWD
2026-07-23 19:04:48,11,MEDIUM,16,HIGH CROWD
2026-07-23 19:04:48,10,MEDIUM,16,HIGH CROWD
2026-07-23 19:04:48,10,MEDIUM,16,HIGH CROWD
2026-07-23 19:04:48,10,MEDIUM,16,HIGH CROWD
2026-07-23 19:04:48,10,MEDIUM,16,HIGH CROWD
2026-07-23 19:04:48,10,MEDIUM,16,HIGH CROWD
2026-07-23 19:04:48,11,MEDIUM,17,HIGH CROWD
2026-07-23 19:04:48,11,MEDIUM,17,HIGH CROWD
2026-07-23 19:04:48,11,MEDIUM,17,HIGH CROWD
2026-07-23 19:04:48,11,MEDIUM,17,HIGH CROWD
2026-07-23 19:04:48,10,MEDIUM,17,HIGH CROWD
2026-07-23 19:04:48,11,MEDIUM,17,HIGH CROWD
2026-07-23 19:04:48,10,MEDIUM,17,HIGH CROWD
2026-07-23 19:04:48,10,MEDIUM,17,HIGH CROWD
2026-07-23 19:04:49,10,MEDIUM,17,HIGH CROWD
2026-07-23 19:04:49,10,MEDIUM,17,HIGH CROWD
2026-07-23 19:04:49,10,MEDIUM,17,HIGH CROWD
2026-07-23 19:04:49,10,MEDIUM,17,HIGH CROWD
2026-07-23 19:04:49,10,MEDIUM,17,HIGH CROWD
2026-07-23 19:04:49,10,MEDIUM,17,HIGH CROWD
2026-07-23 19:04:49,10,MEDIUM,17,HIGH CROWD
2026-07-23 19:04:49,9,MEDIUM,17,HIGH CROWD
2026-07-23 19:04:49,9,MEDIUM,17,HIGH CROWD
2026-07-23 19:04:49,10,MEDIUM,17,HIGH CROWD
2026-07-23 19:04:49,10,MEDIUM,17,HIGH CROWD
2026-07-23 19:04:49,11,MEDIUM,17,HIGH CROWD
2026-07-23 19:04:49,11,MEDIUM,17,HIGH CROWD
2026-07-23 19:04:49,11,MEDIUM,17,HIGH CROWD
2026-07-23 19:04:50,10,MEDIUM,17,HIGH CROWD
2026-07-23 19:04:50,11,MEDIUM,17,HIGH CROWD
2026-07-23 19:04:50,11,MEDIUM,17,HIGH CROWD
2026-07-23 19:04:50,12,MEDIUM,18,HIGH CROWD
2026-07-23 19:04:50,11,MEDIUM,18,HIGH CROWD
2026-07-23 19:04:51,11,MEDIUM,18,HIGH CROWD
2026-07-23 19:04:51,10,MEDIUM,18,HIGH CROWD
2026-07-23 19:04:51,9,MEDIUM,18,HIGH CROWD
2026-07-23 19:04:51,9,MEDIUM,18,HIGH CROWD
2026-07-23 19:04:51,10,MEDIUM,18,HIGH CROWD
2026-07-23 19:04:51,11,MEDIUM,18,HIGH CROWD
2026-07-23 19:04:51,10,MEDIUM,18,HIGH CROWD
2026-07-23 19:04:52,11,MEDIUM,18,HIGH CROWD
2026-07-23 19:04:52,11,MEDIUM,18,HIGH CROWD
2026-07-23 19:04:52,12,MEDIUM,18,HIGH CROWD
2026-07-23 19:04:52,12,MEDIUM,18,HIGH CROWD
2026-07-23 19:04:52,12,MEDIUM,18,HIGH CROWD
2026-07-23 19:04:53,12,MEDIUM,18,HIGH CROWD
2026-07-23 19:04:53,12,MEDIUM,18,HIGH CROWD
2026-07-23 19:04:53,12,MEDIUM,18,HIGH CROWD
2026-07-23 19:04:53,13,MEDIUM,19,HIGH CROWD
2026-07-23 19:04:53,13,MEDIUM,19,HIGH CROWD
2026-07-23 19:04:53,13,MEDIUM,19,HIGH CROWD
2026-07-23 19:04:54,13,MEDIUM,19,HIGH CROWD
2026-07-23 19:04:54,13,MEDIUM,19,HIGH CROWD
2026-07-23 19:04:54,12,MEDIUM,19,HIGH CROWD
2026-07-23 19:04:54,12,MEDIUM,19,HIGH CROWD
2026-07-23 19:04:54,11,MEDIUM,19,HIGH CROWD
2026-07-23 19:04:54,11,MEDIUM,19,HIGH CROWD
2026-07-23 19:04:55,11,MEDIUM,19,HIGH CROWD
2026-07-23 19:04:55,11,MEDIUM,19,HIGH CROWD
2026-07-23 19:04:55,11,MEDIUM,19,HIGH CROWD
2026-07-23 19:04:55,12,MEDIUM,19,HIGH CROWD
2026-07-23 19:04:55,12,MEDIUM,19,HIGH CROWD
2026-07-23 19:04:55,11,MEDIUM,19,HIGH CROWD
2026-07-23 19:04:56,10,MEDIUM,19,HIGH CROWD
2026-07-23 19:04:56,10,MEDIUM,19,HIGH CROWD
2026-07-23 19:04:56,11,MEDIUM,19,HIGH CROWD
2026-07-23 19:04:56,11,MEDIUM,20,HIGH CROWD
2026-07-23 19:04:56,11,MEDIUM,20,HIGH CROWD
2026-07-23 19:04:56,11,MEDIUM,20,HIGH CROWD
2026-07-23 19:04:57,11,MEDIUM,20,HIGH CROWD
2026-07-23 19:04:57,12,MEDIUM,20,HIGH CROWD
2026-07-23 19:04:57,11,MEDIUM,20,HIGH CROWD
2026-07-23 19:04:57,12,MEDIUM,20,HIGH CROWD
2026-07-23 19:04:57,11,MEDIUM,20,HIGH CROWD
2026-07-23 19:04:58,12,MEDIUM,21,HIGH CROWD
2026-07-23 19:04:58,12,MEDIUM,21,HIGH CROWD
2026-07-23 19:04:58,11,MEDIUM,21,HIGH CROWD
2026-07-23 19:04:58,11,MEDIUM,21,HIGH CROWD
2026-07-23 19:04:58,10,MEDIUM,21,HIGH CROWD
2026-07-23 19:04:58,11,MEDIUM,22,HIGH CROWD
2026-07-23 19:04:59,11,MEDIUM,22,HIGH CROWD
2026-07-23 19:04:59,10,MEDIUM,23,HIGH CROWD
2026-07-23 19:04:59,12,MEDIUM,24,HIGH CROWD
2026-07-23 19:04:59,15,MEDIUM,25,HIGH CROWD
2026-07-23 19:04:59,14,MEDIUM,25,HIGH CROWD
2026-07-23 19:04:59,13,MEDIUM,25,HIGH CROWD
2026-07-23 19:05:00,11,MEDIUM,25,HIGH CROWD
2026-07-23 19:05:00,7,MEDIUM,25,
2026-07-23 19:05:00,8,MEDIUM,25,HIGH CROWD
2026-07-23 19:05:00,11,MEDIUM,25,HIGH CROWD
2026-07-23 19:05:00,12,MEDIUM,26,HIGH CROWD
2026-07-23 19:05:01,13,MEDIUM,27,HIGH CROWD
2026-07-23 19:05:01,13,MEDIUM,27,HIGH CROWD
2026-07-23 19:05:01,14,MEDIUM,27,HIGH CROWD
2026-07-23 19:05:01,13,MEDIUM,27,HIGH CROWD
2026-07-23 19:05:02,13,MEDIUM,27,HIGH CROWD
2026-07-23 19:05:02,14,MEDIUM,27,HIGH CROWD
2026-07-23 19:05:02,13,MEDIUM,28,HIGH CROWD
2026-07-23 19:05:02,13,MEDIUM,28,HIGH CROWD
2026-07-23 19:05:02,13,MEDIUM,28,HIGH CROWD
2026-07-23 19:05:03,12,MEDIUM,29,HIGH CROWD
2026-07-23 19:05:03,14,MEDIUM,30,HIGH CROWD
2026-07-23 19:05:03,13,MEDIUM,30,HIGH CROWD
2026-07-23 19:05:03,14,MEDIUM,30,HIGH CROWD
2026-07-23 19:05:03,13,MEDIUM,30,HIGH CROWD
2026-07-23 19:05:03,11,MEDIUM,30,HIGH CROWD
2026-07-23 19:05:04,15,MEDIUM,30,HIGH CROWD
2026-07-23 19:05:04,14,MEDIUM,31,HIGH CROWD
2026-07-23 19:05:04,9,MEDIUM,31,HIGH CROWD
2026-07-23 19:05:04,10,MEDIUM,31,HIGH CROWD
2026-07-23 19:05:04,14,MEDIUM,31,HIGH CROWD
2026-07-23 19:05:05,13,MEDIUM,31,HIGH CROWD
2026-07-23 19:05:05,14,MEDIUM,31,HIGH CROWD
2026-07-23 19:05:05,15,MEDIUM,32,HIGH CROWD
2026-07-23 19:05:05,13,MEDIUM,32,HIGH CROWD
2026-07-23 19:05:05,12,MEDIUM,32,HIGH CROWD
2026-07-23 19:05:06,13,MEDIUM,32,HIGH CROWD
2026-07-23 19:05:06,12,MEDIUM,32,HIGH CROWD
2026-07-23 19:05:06,12,MEDIUM,32,HIGH CROWD
2026-07-23 19:05:06,12,MEDIUM,33,HIGH CROWD
2026-07-23 19:05:06,13,MEDIUM,33,HIGH CROWD
2026-07-23 19:05:06,11,MEDIUM,33,HIGH CROWD
2026-07-23 19:05:07,12,MEDIUM,33,HIGH CROWD
2026-07-23 19:05:07,10,MEDIUM,33,HIGH CROWD
2026-07-23 19:05:07,7,MEDIUM,33,
2026-07-23 19:05:07,7,MEDIUM,33,
2026-07-23 19:05:07,9,MEDIUM,33,HIGH CROWD
2026-07-23 19:05:07,6,MEDIUM,33,
2026-07-23 19:05:08,7,MEDIUM,33,
2026-07-23 19:05:08,5,LOW,33,
2026-07-23 19:05:08,3,LOW,33,
2026-07-23 19:05:08,3,LOW,33,
2026-07-23 19:05:08,2,LOW,33,
2026-07-23 19:05:08,1,LOW,33,
2026-07-23 19:05:09,0,LOW,33,
2026-07-23 19:05:09,1,LOW,33,
2026-07-23 19:05:09,0,LOW,33,
2026-07-23 19:05:09,0,LOW,33,
2026-07-23 19:05:09,0,LOW,33,
2026-07-23 19:05:09,0,LOW,33,
2026-07-23 19:05:09,0,LOW,33,
2026-07-23 19:05:10,0,LOW,33,
2026-07-23 19:05:10,0,LOW,33,
2026-07-23 19:05:10,0,LOW,33,
2026-07-23 19:05:10,0,LOW,33,
2026-07-23 19:05:10,0,LOW,33,
2026-07-23 19:05:11,0,LOW,33,
2026-07-23 19:05:11,0,LOW,33,
2026-07-23 19:05:11,0,LOW,33,
2026-07-23 19:05:11,0,LOW,33,
2026-07-23 19:05:11,0,LOW,33,
2026-07-23 19:05:11,0,LOW,33,
2026-07-23 19:05:12,0,LOW,33,
2026-07-23 19:05:12,0,LOW,33,
2026-07-23 19:05:12,0,LOW,33,
2026-07-23 19:05:12,0,LOW,33,
2026-07-23 19:05:12,0,LOW,33,
2026-07-23 19:05:12,0,LOW,33,
2026-07-23 19:05:13,0,LOW,33,
2026-07-23 19:05:13,0,LOW,33,
2026-07-23 19:05:13,0,LOW,33,
2026-07-23 19:05:13,0,LOW,33,
2026-07-23 19:05:13,0,LOW,33,
2026-07-23 19:05:13,0,LOW,33,
2026-07-23 19:05:13,0,LOW,33,
2026-07-23 19:05:14,0,LOW,33,
2026-07-23 19:05:14,0,LOW,33,
2026-07-23 19:05:14,0,LOW,33,
2026-07-23 19:05:14,0,LOW,33,
2026-07-23 19:05:14,1,LOW,34,
2026-07-23 19:05:14,0,LOW,34,
2026-07-23 19:05:15,0,LOW,34,
2026-07-23 19:05:15,0,LOW,34,
2026-07-23 19:05:15,1,LOW,34,
2026-07-23 19:05:15,1,LOW,34,
2026-07-23 19:05:15,1,LOW,34,
2026-07-23 19:05:16,1,LOW,34,
2026-07-23 19:05:16,2,LOW,35,
2026-07-23 19:05:16,1,LOW,35,
2026-07-23 19:05:16,2,LOW,36,
2026-07-23 19:05:16,2,LOW,36,
2026-07-23 19:05:16,2,LOW,36,
2026-07-23 19:05:16,2,LOW,36,
2026-07-23 19:05:16,2,LOW,36,
2026-07-23 19:05:16,2,LOW,36,
2026-07-23 19:05:16,1,LOW,36,
2026-07-23 19:05:16,0,LOW,36,
2026-07-23 19:05:16,1,LOW,36,
2026-07-23 19:05:16,1,LOW,36,
2026-07-23 19:05:16,0,LOW,36,
2026-07-23 19:05:16,0,LOW,36,
2026-07-23 19:05:16,0,LOW,36,
2026-07-23 19:05:16,0,LOW,36,
2026-07-23 19:05:17,0,LOW,36,
2026-07-23 19:05:17,0,LOW,36,
2026-07-23 19:05:17,1,LOW,36,
2026-07-23 19:05:17,1,LOW,36,
2026-07-23 19:05:17,1,LOW,36,
2026-07-23 19:05:17,1,LOW,36,
2026-07-23 19:05:17,1,LOW,36,
2026-07-23 19:05:17,1,LOW,36,
2026-07-23 19:05:17,1,LOW,36,
2026-07-23 19:05:17,2,LOW,36,
2026-07-23 19:05:17,1,LOW,36,
2026-07-23 19:05:17,1,LOW,36,
2026-07-23 19:05:17,2,LOW,36,
2026-07-23 19:05:17,2,LOW,36,
2026-07-23 19:05:17,2,LOW,36,
2026-07-23 19:05:17,2,LOW,36,
2026-07-23 19:05:18,2,LOW,36,
2026-07-23 19:05:18,2,LOW,36,
2026-07-23 19:05:18,2,LOW,36,
2026-07-23 19:05:18,2,LOW,36,
2026-07-23 19:05:18,2,LOW,37,
2026-07-23 19:05:18,2,LOW,37,
2026-07-23 19:05:18,2,LOW,37,
2026-07-23 19:05:18,2,LOW,37,
2026-07-23 19:05:18,2,LOW,37,
2026-07-23 19:05:18,2,LOW,37,
2026-07-23 19:05:18,1,LOW,37,
2026-07-23 19:05:18,2,LOW,37,
2026-07-23 19:05:18,2,LOW,37,
2026-07-23 19:05:18,3,LOW,37,
2026-07-23 19:05:18,2,LOW,37,
2026-07-23 19:05:18,2,LOW,37,
2026-07-23 19:05:18,2,LOW,37,
2026-07-23 19:05:18,2,LOW,37,
2026-07-23 19:05:19,2,LOW,37,
2026-07-23 19:05:19,2,LOW,37,
2026-07-23 19:05:19,0,LOW,37,
2026-07-23 19:05:19,1,LOW,37,
2026-07-23 19:05:19,1,LOW,37,
2026-07-23 19:05:19,0,LOW,37,
2026-07-23 19:05:19,0,LOW,37,
2026-07-23 19:05:19,0,LOW,37,
2026-07-23 19:05:19,2,LOW,38,
2026-07-23 19:05:19,1,LOW,38,
2026-07-23 19:05:19,1,LOW,38,
2026-07-23 19:05:19,1,LOW,38,
2026-07-23 19:05:19,2,LOW,38,
2026-07-23 19:05:19,2,LOW,38,
2026-07-23 19:05:19,1,LOW,38,
2026-07-23 19:05:19,1,LOW,38,
2026-07-23 19:05:19,2,LOW,38,
2026-07-23 19:05:20,1,LOW,38,
2026-07-23 19:05:20,0,LOW,38,
2026-07-23 19:05:20,0,LOW,38,
2026-07-23 19:05:20,0,LOW,38,
2026-07-23 19:05:20,0,LOW,38,
2026-07-23 19:05:20,0,LOW,38,
2026-07-23 19:05:20,0,LOW,38,
2026-07-23 19:05:20,1,LOW,38,
2026-07-23 19:05:20,1,LOW,38,
2026-07-23 19:05:20,1,LOW,38,
2026-07-23 19:05:20,0,LOW,38,
2026-07-23 19:05:20,0,LOW,38,
2026-07-23 19:05:20,1,LOW,39,
2026-07-23 19:05:20,1,LOW,39,
2026-07-23 19:05:20,1,LOW,39,
2026-07-23 19:05:20,1,LOW,39,
2026-07-23 19:05:20,2,LOW,39,
2026-07-23 19:05:20,2,LOW,39,
2026-07-23 19:05:20,1,LOW,39,
2026-07-23 19:05:20,0,LOW,39,
2026-07-23 19:05:21,1,LOW,39,
2026-07-23 19:05:21,1,LOW,39,
2026-07-23 19:05:21,1,LOW,39,
2026-07-23 19:05:21,0,LOW,39,
2026-07-23 19:05:21,1,LOW,39,
2026-07-23 19:05:21,1,LOW,39,
2026-07-23 19:05:21,1,LOW,39,
2026-07-23 19:05:21,1,LOW,39,
2026-07-23 19:05:21,0,LOW,39,
2026-07-23 19:05:21,1,LOW,39,
2026-07-23 19:05:21,1,LOW,39,
2026-07-23 19:05:21,1,LOW,39,
2026-07-23 19:05:21,1,LOW,39,
2026-07-23 19:05:21,1,LOW,39,
2026-07-23 19:05:21,1,LOW,39,
2026-07-23 19:05:22,1,LOW,39,
2026-07-23 19:05:22,1,LOW,39,
2026-07-23 19:05:22,1,LOW,39,
2026-07-23 19:05:22,1,LOW,39,
2026-07-23 19:05:22,1,LOW,39,
2026-07-23 19:05:22,1,LOW,39,
2026-07-23 19:05:22,1,LOW,39,
2026-07-23 19:05:23,1,LOW,39,
2026-07-23 19:05:23,1,LOW,39,
2026-07-23 19:05:23,1,LOW,39,
2026-07-23 19:05:23,1,LOW,39,
2026-07-23 19:05:23,1,LOW,39,
2026-07-23 19:05:23,1,LOW,39,
2026-07-23 19:05:23,1,LOW,39,
2026-07-23 19:05:24,1,LOW,39,
2026-07-23 19:05:24,1,LOW,39,
2026-07-23 19:05:24,1,LOW,39,
2026-07-23 19:05:24,1,LOW,39,
2026-07-23 19:05:24,1,LOW,39,
2026-07-23 19:05:24,1,LOW,39,
2026-07-23 19:05:24,1,LOW,39,
2026-07-23 19:05:25,1,LOW,39,
2026-07-23 19:05:25,1,LOW,39,
2026-07-23 19:05:25,1,LOW,39,
2026-07-23 19:05:25,1,LOW,39,
2026-07-23 19:05:25,1,LOW,39,
2026-07-23 19:05:26,1,LOW,39,
2026-07-23 19:05:26,1,LOW,39,
2026-07-23 19:05:26,1,LOW,39,
2026-07-23 19:05:26,1,LOW,39,
2026-07-23 19:05:26,2,LOW,40,
2026-07-23 19:05:26,2,LOW,40,
2026-07-23 19:05:26,2,LOW,40,
2026-07-23 19:05:27,4,LOW,42,
2026-07-23 19:05:27,3,LOW,42,
2026-07-23 19:05:27,4,LOW,42,
2026-07-23 19:05:27,5,LOW,43,
2026-07-23 19:05:27,5,LOW,43,
2026-07-23 19:05:27,5,LOW,43,
2026-07-23 19:05:28,5,LOW,43,
2026-07-23 19:05:28,5,LOW,43,
2026-07-23 19:05:28,4,LOW,43,
2026-07-23 19:05:28,6,MEDIUM,44,
2026-07-23 19:05:28,7,MEDIUM,45,
2026-07-23 19:05:28,7,MEDIUM,45,
2026-07-23 19:05:28,6,MEDIUM,45,
2026-07-23 19:05:29,6,MEDIUM,45,
2026-07-23 19:05:29,7,MEDIUM,45,
2026-07-23 19:05:29,7,MEDIUM,45,
2026-07-23 19:05:29,7,MEDIUM,45,
2026-07-23 19:05:29,7,MEDIUM,45,
2026-07-23 19:05:29,7,MEDIUM,45,
2026-07-23 19:05:30,7,MEDIUM,45,
2026-07-23 19:05:30,6,MEDIUM,45,
2026-07-23 19:05:30,9,MEDIUM,47,HIGH CROWD
2026-07-23 19:05:30,8,MEDIUM,47,HIGH CROWD
2026-07-23 19:05:30,9,MEDIUM,48,HIGH CROWD
2026-07-23 19:05:30,9,MEDIUM,48,HIGH CROWD
2026-07-23 19:05:31,9,MEDIUM,48,HIGH CROWD
2026-07-23 19:05:31,9,MEDIUM,48,HIGH CROWD
2026-07-23 19:05:31,9,MEDIUM,48,HIGH CROWD
2026-07-23 19:05:31,7,MEDIUM,48,
2026-07-23 19:05:31,7,MEDIUM,48,
2026-07-23 19:05:31,6,MEDIUM,48,
2026-07-23 19:05:32,8,MEDIUM,48,HIGH CROWD
2026-07-23 19:05:32,7,MEDIUM,48,
2026-07-23 19:05:32,7,MEDIUM,48,
2026-07-23 19:05:32,7,MEDIUM,48,
2026-07-23 19:05:32,7,MEDIUM,48,
2026-07-23 19:05:33,6,MEDIUM,48,
2026-07-23 19:05:33,6,MEDIUM,48,
2026-07-23 19:05:33,6,MEDIUM,48,
2026-07-23 19:05:33,7,MEDIUM,48,
2026-07-23 19:05:33,7,MEDIUM,48,
2026-07-23 19:05:34,7,MEDIUM,48,
2026-07-23 19:05:34,7,MEDIUM,49,
2026-07-23 19:05:34,8,MEDIUM,49,HIGH CROWD
2026-07-23 19:05:34,8,MEDIUM,49,HIGH CROWD
2026-07-23 19:05:34,6,MEDIUM,49,
2026-07-23 19:05:34,6,MEDIUM,49,
2026-07-23 19:05:35,7,MEDIUM,49,
2026-07-23 19:05:35,7,MEDIUM,49,
2026-07-23 19:05:35,7,MEDIUM,49,
2026-07-23 19:05:35,7,MEDIUM,49,
2026-07-23 19:05:35,7,MEDIUM,49,
2026-07-23 19:05:35,7,MEDIUM,49,
2026-07-23 19:05:35,7,MEDIUM,49,
2026-07-23 19:05:36,7,MEDIUM,49,
2026-07-23 19:05:36,7,MEDIUM,50,
2026-07-23 19:05:36,8,MEDIUM,50,HIGH CROWD
2026-07-23 19:05:36,8,MEDIUM,50,HIGH CROWD
2026-07-23 19:05:36,8,MEDIUM,50,HIGH CROWD
2026-07-23 19:05:36,8,MEDIUM,50,HIGH CROWD
2026-07-23 19:05:37,8,MEDIUM,50,HIGH CROWD
2026-07-23 19:05:37,8,MEDIUM,50,HIGH CROWD
2026-07-23 19:05:37,8,MEDIUM,50,HIGH CROWD
2026-07-23 19:05:37,8,MEDIUM,50,HIGH CROWD
2026-07-23 19:05:37,8,MEDIUM,50,HIGH CROWD
2026-07-23 19:05:37,8,MEDIUM,50,HIGH CROWD
2026-07-23 19:05:37,8,MEDIUM,50,HIGH CROWD
2026-07-23 19:05:38,8,MEDIUM,50,HIGH CROWD
2026-07-23 19:05:38,8,MEDIUM,50,HIGH CROWD
2026-07-23 19:05:38,8,MEDIUM,50,HIGH CROWD
2026-07-23 19:05:38,8,MEDIUM,50,HIGH CROWD
2026-07-23 19:05:38,8,MEDIUM,50,HIGH CROWD
2026-07-23 19:05:38,8,MEDIUM,50,HIGH CROWD
2026-07-23 19:05:38,8,MEDIUM,50,HIGH CROWD
2026-07-23 19:05:38,8,MEDIUM,50,HIGH CROWD
2026-07-23 19:05:38,7,MEDIUM,50,
2026-07-23 19:05:38,8,MEDIUM,50,HIGH CROWD
2026-07-23 19:05:39,8,MEDIUM,50,HIGH CROWD
2026-07-23 19:05:39,8,MEDIUM,50,HIGH CROWD
2026-07-23 19:05:39,8,MEDIUM,50,HIGH CROWD
2026-07-23 19:05:39,7,MEDIUM,50,
2026-07-23 19:05:39,8,MEDIUM,50,HIGH CROWD
2026-07-23 19:05:39,8,MEDIUM,50,HIGH CROWD
2026-07-23 19:05:39,7,MEDIUM,50,
2026-07-23 19:05:39,7,MEDIUM,50,
2026-07-23 19:05:39,7,MEDIUM,50,
2026-07-23 19:05:39,8,MEDIUM,50,HIGH CROWD
2026-07-23 19:05:39,6,MEDIUM,51,
2026-07-23 19:05:39,6,MEDIUM,51,
2026-07-23 19:05:39,7,MEDIUM,51,
2026-07-23 19:05:39,7,MEDIUM,51,
2026-07-23 19:05:39,6,MEDIUM,52,
2026-07-23 19:05:40,7,MEDIUM,52,
2026-07-23 19:05:40,7,MEDIUM,52,
2026-07-23 19:05:40,7,MEDIUM,52,
2026-07-23 19:05:40,8,MEDIUM,52,HIGH CROWD
2026-07-23 19:05:40,8,MEDIUM,52,HIGH CROWD
2026-07-23 19:05:40,8,MEDIUM,52,HIGH CROWD
2026-07-23 19:05:40,7,MEDIUM,52,
2026-07-23 19:05:40,9,MEDIUM,52,HIGH CROWD
2026-07-23 19:05:40,9,MEDIUM,52,HIGH CROWD
2026-07-23 19:05:40,9,MEDIUM,52,HIGH CROWD
2026-07-23 19:05:40,7,MEDIUM,52,
2026-07-23 19:05:40,7,MEDIUM,52,
2026-07-23 19:05:40,7,MEDIUM,52,
2026-07-23 19:05:40,6,MEDIUM,52,
2026-07-23 19:05:40,7,MEDIUM,52,
2026-07-23 19:05:40,6,MEDIUM,52,
2026-07-23 19:05:41,6,MEDIUM,52,
2026-07-23 19:05:41,5,LOW,52,
2026-07-23 19:05:41,8,MEDIUM,52,HIGH CROWD
2026-07-23 19:05:41,5,LOW,52,
2026-07-23 19:05:41,6,MEDIUM,52,
2026-07-23 19:05:41,6,MEDIUM,52,
2026-07-23 19:05:41,6,MEDIUM,53,
2026-07-23 19:05:41,6,MEDIUM,53,
2026-07-23 19:05:41,8,MEDIUM,53,HIGH CROWD
2026-07-23 19:05:41,8,MEDIUM,53,HIGH CROWD
2026-07-23 19:05:41,8,MEDIUM,53,HIGH CROWD
2026-07-23 19:05:41,8,MEDIUM,53,HIGH CROWD
2026-07-23 19:05:41,8,MEDIUM,53,HIGH CROWD
2026-07-23 19:05:41,7,MEDIUM,53,
2026-07-23 19:05:41,7,MEDIUM,53,
2026-07-23 19:05:41,7,MEDIUM,53,
2026-07-23 19:05:41,7,MEDIUM,53,
2026-07-23 19:05:41,7,MEDIUM,53,
2026-07-23 19:05:41,8,MEDIUM,53,HIGH CROWD
2026-07-23 19:05:42,8,MEDIUM,53,HIGH CROWD
2026-07-23 19:05:42,7,MEDIUM,54,
2026-07-23 19:05:42,8,MEDIUM,54,HIGH CROWD
2026-07-23 19:05:42,8,MEDIUM,54,HIGH CROWD
2026-07-23 19:05:42,8,MEDIUM,54,HIGH CROWD
2026-07-23 19:05:42,8,MEDIUM,54,HIGH CROWD
2026-07-23 19:05:42,8,MEDIUM,54,HIGH CROWD
2026-07-23 19:05:42,8,MEDIUM,54,HIGH CROWD
2026-07-23 19:05:42,7,MEDIUM,54,
2026-07-23 19:05:42,6,MEDIUM,54,
2026-07-23 19:05:42,7,MEDIUM,54,
2026-07-23 19:05:42,8,MEDIUM,54,HIGH CROWD
2026-07-23 19:05:42,9,MEDIUM,55,HIGH CROWD
2026-07-23 19:05:42,8,MEDIUM,55,HIGH CROWD
2026-07-23 19:05:42,8,MEDIUM,55,HIGH CROWD
2026-07-23 19:05:42,8,MEDIUM,55,HIGH CROWD
2026-07-23 19:05:42,8,MEDIUM,55,HIGH CROWD
2026-07-23 19:05:42,8,MEDIUM,55,HIGH CROWD
2026-07-23 19:05:42,9,MEDIUM,56,HIGH CROWD
2026-07-23 19:05:43,9,MEDIUM,56,HIGH CROWD
2026-07-23 19:05:43,10,MEDIUM,56,HIGH CROWD
2026-07-23 19:05:43,9,MEDIUM,56,HIGH CROWD
2026-07-23 19:05:43,9,MEDIUM,56,HIGH CROWD
2026-07-23 19:05:43,8,MEDIUM,56,HIGH CROWD
2026-07-23 19:05:43,8,MEDIUM,56,HIGH CROWD
2026-07-23 19:05:43,8,MEDIUM,56,HIGH CROWD
2026-07-23 19:05:43,8,MEDIUM,56,HIGH CROWD
2026-07-23 19:05:43,8,MEDIUM,56,HIGH CROWD
2026-07-23 19:05:43,9,MEDIUM,56,HIGH CROWD
2026-07-23 19:05:43,8,MEDIUM,56,HIGH CROWD
2026-07-23 19:05:43,7,MEDIUM,56,
2026-07-23 19:05:43,8,MEDIUM,56,HIGH CROWD
2026-07-23 19:05:43,6,MEDIUM,56,
2026-07-23 19:05:43,6,MEDIUM,56,
2026-07-23 19:05:43,7,MEDIUM,56,
2026-07-23 19:05:43,7,MEDIUM,56,
2026-07-23 19:05:43,7,MEDIUM,56,
2026-07-23 19:05:43,7,MEDIUM,56,
2026-07-23 19:05:44,7,MEDIUM,56,
2026-07-23 19:05:44,7,MEDIUM,56,
2026-07-23 19:05:44,7,MEDIUM,56,
2026-07-23 19:05:44,7,MEDIUM,56,
2026-07-23 19:05:44,6,MEDIUM,56,
2026-07-23 19:05:44,7,MEDIUM,56,
2026-07-23 19:05:44,7,MEDIUM,56,
2026-07-23 19:05:44,6,MEDIUM,56,
2026-07-23 19:05:44,6,MEDIUM,56,
2026-07-23 19:05:44,6,MEDIUM,56,
2026-07-23 19:05:44,6,MEDIUM,56,
2026-07-23 19:05:44,5,LOW,56,
2026-07-23 19:05:44,6,MEDIUM,56,
2026-07-23 19:05:44,6,MEDIUM,56,
2026-07-23 19:05:44,6,MEDIUM,56,
2026-07-23 19:05:44,5,LOW,56,
2026-07-23 19:05:44,6,MEDIUM,56,
2026-07-23 19:05:44,5,LOW,56,
2026-07-23 19:05:44,5,LOW,56,
2026-07-23 19:05:44,5,LOW,56,
2026-07-23 19:05:45,5,LOW,56,
2026-07-23 19:05:45,5,LOW,56,
2026-07-23 19:05:45,7,MEDIUM,57,
2026-07-23 19:05:45,8,MEDIUM,58,HIGH CROWD
2026-07-23 19:05:45,8,MEDIUM,58,HIGH CROWD
2026-07-23 19:05:45,8,MEDIUM,58,HIGH CROWD
2026-07-23 19:05:45,7,MEDIUM,58,
2026-07-23 19:05:45,8,MEDIUM,58,HIGH CROWD
2026-07-23 19:05:45,8,MEDIUM,58,HIGH CROWD
2026-07-23 19:05:45,7,MEDIUM,58,
2026-07-23 19:05:45,6,MEDIUM,58,
2026-07-23 19:05:45,7,MEDIUM,58,
2026-07-23 19:05:45,7,MEDIUM,58,
2026-07-23 19:05:45,7,MEDIUM,58,
2026-07-23 19:05:45,7,MEDIUM,58,
2026-07-23 19:05:45,7,MEDIUM,58,
2026-07-23 19:05:45,6,MEDIUM,58,
2026-07-23 19:05:45,7,MEDIUM,58,
2026-07-23 19:05:46,7,MEDIUM,58,
2026-07-23 19:05:46,7,MEDIUM,58,
2026-07-23 19:05:46,7,MEDIUM,58,
2026-07-23 19:05:46,7,MEDIUM,58,
2026-07-23 19:05:46,7,MEDIUM,58,
2026-07-23 19:05:46,7,MEDIUM,59,
2026-07-23 19:05:46,8,MEDIUM,59,HIGH CROWD
2026-07-23 19:05:46,6,MEDIUM,59,
2026-07-23 19:05:46,7,MEDIUM,59,
2026-07-23 19:05:46,6,MEDIUM,59,
2026-07-23 19:05:46,7,MEDIUM,59,
2026-07-23 19:05:46,7,MEDIUM,59,
2026-07-23 19:05:46,6,MEDIUM,59,
2026-07-23 19:05:46,6,MEDIUM,59,
2026-07-23 19:05:46,6,MEDIUM,59,
2026-07-23 19:05:46,6,MEDIUM,59,
2026-07-23 19:05:46,6,MEDIUM,59,
2026-07-23 19:05:46,6,MEDIUM,59,
2026-07-23 19:05:47,6,MEDIUM,59,
2026-07-23 19:05:47,6,MEDIUM,59,
2026-07-23 19:05:47,6,MEDIUM,59,
2026-07-23 19:05:47,6,MEDIUM,59,
2026-07-23 19:05:47,6,MEDIUM,59,
2026-07-23 19:05:47,6,MEDIUM,59,
2026-07-23 19:05:47,6,MEDIUM,59,
2026-07-23 19:05:47,8,MEDIUM,60,HIGH CROWD
2026-07-23 19:05:47,7,MEDIUM,60,
2026-07-23 19:05:47,8,MEDIUM,60,HIGH CROWD
2026-07-23 19:05:47,6,MEDIUM,60,
2026-07-23 19:05:47,6,MEDIUM,61,
2026-07-23 19:05:47,8,MEDIUM,61,HIGH CROWD
2026-07-23 19:05:47,6,MEDIUM,61,
2026-07-23 19:05:47,7,MEDIUM,61,
2026-07-23 19:05:47,5,LOW,61,
2026-07-23 19:05:47,5,LOW,61,
2026-07-23 19:05:47,4,LOW,61,
2026-07-23 19:05:47,5,LOW,62,
2026-07-23 19:05:48,4,LOW,62,
2026-07-23 19:05:48,4,LOW,62,
2026-07-23 19:05:48,6,MEDIUM,62,
2026-07-23 19:05:48,4,LOW,62,
2026-07-23 19:05:48,3,LOW,62,
2026-07-23 19:05:48,4,LOW,62,
2026-07-23 19:05:48,4,LOW,62,
2026-07-23 19:05:48,4,LOW,62,
2026-07-23 19:05:48,4,LOW,62,
2026-07-23 19:05:48,4,LOW,62,
2026-07-23 19:05:48,5,LOW,63,
2026-07-23 19:05:48,7,MEDIUM,63,
2026-07-23 19:05:48,5,LOW,63,
2026-07-23 19:05:48,6,MEDIUM,64,
2026-07-23 19:05:48,8,MEDIUM,64,HIGH CROWD
2026-07-23 19:05:48,7,MEDIUM,65,
2026-07-23 19:05:48,9,MEDIUM,66,HIGH CROWD
2026-07-23 19:05:49,8,MEDIUM,66,HIGH CROWD
2026-07-23 19:05:49,7,MEDIUM,67,
2026-07-23 19:05:49,4,LOW,67,
2026-07-23 19:05:49,6,MEDIUM,67,
2026-07-23 19:05:49,4,LOW,67,
2026-07-23 19:05:49,5,LOW,67,
2026-07-23 19:05:49,5,LOW,67,
2026-07-23 19:05:49,3,LOW,67,
2026-07-23 19:05:49,3,LOW,67,
2026-07-23 19:05:49,3,LOW,67,
2026-07-23 19:05:49,3,LOW,67,
2026-07-23 19:05:49,2,LOW,67,
2026-07-23 19:05:49,0,LOW,67,
2026-07-23 19:05:49,2,LOW,67,
2026-07-23 19:05:49,1,LOW,67,
2026-07-23 19:05:49,1,LOW,67,
2026-07-23 19:05:49,2,LOW,67,
2026-07-23 19:05:49,2,LOW,67,
2026-07-23 19:05:50,2,LOW,67,
2026-07-23 19:05:50,1,LOW,67,
2026-07-23 19:05:50,1,LOW,68,
2026-07-23 19:05:50,1,LOW,68,
2026-07-23 19:05:50,3,LOW,69,
2026-07-23 19:05:50,1,LOW,69,
2026-07-23 19:05:50,2,LOW,69,
2026-07-23 19:05:50,2,LOW,69,
2026-07-23 19:05:50,3,LOW,69,
2026-07-23 19:05:50,4,LOW,69,
2026-07-23 19:05:50,3,LOW,69,
2026-07-23 19:05:50,2,LOW,69,
2026-07-23 19:05:50,3,LOW,70,
2026-07-23 19:05:50,2,LOW,70,
2026-07-23 19:05:51,1,LOW,70,
2026-07-23 19:05:51,5,LOW,71,
2026-07-23 19:05:51,7,MEDIUM,72,
2026-07-23 19:05:51,7,MEDIUM,72,
2026-07-23 19:05:51,6,MEDIUM,72,
2026-07-23 19:05:51,6,MEDIUM,72,
2026-07-23 19:05:51,7,MEDIUM,72,
2026-07-23 19:05:51,7,MEDIUM,72,
2026-07-23 19:05:51,6,MEDIUM,72,
2026-07-23 19:05:51,6,MEDIUM,72,
2026-07-23 19:05:51,6,MEDIUM,72,
2026-07-23 19:05:51,5,LOW,72,
2026-07-23 19:05:51,6,MEDIUM,72,
2026-07-23 19:05:51,6,MEDIUM,72,
2026-07-23 19:05:52,6,MEDIUM,72,
2026-07-23 19:05:52,6,MEDIUM,72,
2026-07-23 19:05:52,6,MEDIUM,72,
2026-07-23 19:05:52,6,MEDIUM,72,
2026-07-23 19:05:52,6,MEDIUM,72,
2026-07-23 19:05:52,6,MEDIUM,72,
2026-07-23 19:05:52,5,LOW,72,
2026-07-23 19:05:52,4,LOW,72,
2026-07-23 19:05:52,4,LOW,72,
2026-07-23 19:05:52,4,LOW,72,
2026-07-23 19:05:52,4,LOW,72,
2026-07-23 19:05:52,5,LOW,72,
2026-07-23 19:05:52,5,LOW,72,
2026-07-23 19:05:52,5,LOW,72,
2026-07-23 19:05:53,5,LOW,72,
2026-07-23 19:05:53,6,MEDIUM,73,
2026-07-23 19:05:53,5,LOW,73,
2026-07-23 19:05:53,4,LOW,73,
2026-07-23 19:05:53,3,LOW,73,
2026-07-23 19:05:53,4,LOW,73,
2026-07-23 19:05:53,3,LOW,73,
2026-07-23 19:05:53,3,LOW,73,
2026-07-23 19:05:53,4,LOW,73,
2026-07-23 19:05:53,4,LOW,73,
2026-07-23 19:05:53,4,LOW,73,
2026-07-23 19:05:53,4,LOW,73,
2026-07-23 19:05:53,5,LOW,73,
2026-07-23 19:05:53,5,LOW,74,
2026-07-23 19:05:54,4,LOW,74,
2026-07-23 19:05:54,5,LOW,74,
2026-07-23 19:05:54,5,LOW,74,
2026-07-23 19:05:54,5,LOW,74,
2026-07-23 19:05:54,4,LOW,74,
2026-07-23 19:05:54,3,LOW,74,
2026-07-23 19:05:54,4,LOW,74,
2026-07-23 19:05:54,3,LOW,74,
2026-07-23 19:05:54,4,LOW,74,
2026-07-23 19:05:54,5,LOW,74,
2026-07-23 19:05:54,5,LOW,74,
2026-07-23 19:05:54,5,LOW,74,
2026-07-23 19:05:54,5,LOW,75,
2026-07-23 19:05:54,5,LOW,75,
2026-07-23 19:05:54,5,LOW,75,
2026-07-23 19:05:55,5,LOW,76,
2026-07-23 19:05:55,6,MEDIUM,77,
2026-07-23 19:05:55,5,LOW,77,
2026-07-23 19:05:55,7,MEDIUM,77,
2026-07-23 19:05:55,7,MEDIUM,78,
2026-07-23 19:05:55,8,MEDIUM,78,HIGH CROWD
2026-07-23 19:05:55,7,MEDIUM,78,
2026-07-23 19:05:55,7,MEDIUM,78,
2026-07-23 19:05:55,7,MEDIUM,78,
2026-07-23 19:05:55,7,MEDIUM,78,
2026-07-23 19:05:55,7,MEDIUM,78,
2026-07-23 19:05:55,7,MEDIUM,78,
2026-07-23 19:05:55,7,MEDIUM,78,
2026-07-23 19:05:55,8,MEDIUM,78,HIGH CROWD
2026-07-23 19:05:56,9,MEDIUM,79,HIGH CROWD
2026-07-23 19:05:56,9,MEDIUM,79,HIGH CROWD
2026-07-23 19:05:56,9,MEDIUM,79,HIGH CROWD
2026-07-23 19:05:56,9,MEDIUM,79,HIGH CROWD
2026-07-23 19:05:56,8,MEDIUM,79,HIGH CROWD
2026-07-23 19:05:56,8,MEDIUM,79,HIGH CROWD
2026-07-23 19:05:56,8,MEDIUM,79,HIGH CROWD
2026-07-23 19:05:56,8,MEDIUM,79,HIGH CROWD
2026-07-23 19:05:56,8,MEDIUM,79,HIGH CROWD
2026-07-23 19:05:56,8,MEDIUM,79,HIGH CROWD
2026-07-23 19:05:56,8,MEDIUM,79,HIGH CROWD
2026-07-23 19:05:56,6,MEDIUM,79,
2026-07-23 19:05:56,7,MEDIUM,80,
2026-07-23 19:05:56,7,MEDIUM,80,
2026-07-23 19:05:56,8,MEDIUM,80,HIGH CROWD
2026-07-23 19:05:57,9,MEDIUM,81,HIGH CROWD
2026-07-23 19:05:57,8,MEDIUM,81,HIGH CROWD
2026-07-23 19:05:57,8,MEDIUM,81,HIGH CROWD
2026-07-23 19:05:57,8,MEDIUM,82,HIGH CROWD
2026-07-23 19:05:57,7,MEDIUM,82,
2026-07-23 19:05:57,8,MEDIUM,82,HIGH CROWD
2026-07-23 19:05:57,7,MEDIUM,83,
2026-07-23 19:05:57,7,MEDIUM,83,
2026-07-23 19:05:57,8,MEDIUM,83,HIGH CROWD
2026-07-23 19:05:57,9,MEDIUM,83,HIGH CROWD
2026-07-23 19:05:57,7,MEDIUM,83,
2026-07-23 19:05:57,8,MEDIUM,84,HIGH CROWD
2026-07-23 19:05:57,6,MEDIUM,84,
2026-07-23 19:05:58,6,MEDIUM,84,
2026-07-23 19:05:58,7,MEDIUM,84,
2026-07-23 19:05:58,9,MEDIUM,84,HIGH CROWD
2026-07-23 19:05:58,8,MEDIUM,84,HIGH CROWD
2026-07-23 19:05:58,7,MEDIUM,85,
2026-07-23 19:05:58,10,MEDIUM,85,HIGH CROWD
2026-07-23 19:05:58,10,MEDIUM,85,HIGH CROWD
2026-07-23 19:05:58,10,MEDIUM,85,HIGH CROWD
2026-07-23 19:05:58,10,MEDIUM,85,HIGH CROWD
2026-07-23 19:05:58,10,MEDIUM,85,HIGH CROWD
2026-07-23 19:05:58,9,MEDIUM,85,HIGH CROWD
2026-07-23 19:05:58,8,MEDIUM,85,HIGH CROWD
2026-07-23 19:05:58,8,MEDIUM,85,HIGH CROWD
2026-07-23 19:05:58,8,MEDIUM,85,HIGH CROWD
2026-07-23 19:05:58,8,MEDIUM,85,HIGH CROWD
2026-07-23 19:05:59,9,MEDIUM,86,HIGH CROWD
2026-07-23 19:05:59,9,MEDIUM,86,HIGH CROWD
2026-07-23 19:05:59,8,MEDIUM,86,HIGH CROWD
2026-07-23 19:05:59,9,MEDIUM,86,HIGH CROWD
2026-07-23 19:05:59,9,MEDIUM,86,HIGH CROWD
2026-07-23 19:05:59,9,MEDIUM,86,HIGH CROWD
2026-07-23 19:05:59,7,MEDIUM,86,
2026-07-23 19:05:59,7,MEDIUM,86,
2026-07-23 19:05:59,7,MEDIUM,86,
2026-07-23 19:05:59,7,MEDIUM,86,
2026-07-23 19:05:59,8,MEDIUM,86,HIGH CROWD
2026-07-23 19:05:59,7,MEDIUM,86,
2026-07-23 19:05:59,9,MEDIUM,87,HIGH CROWD
2026-07-23 19:05:59,9,MEDIUM,87,HIGH CROWD
2026-07-23 19:05:59,8,MEDIUM,87,HIGH CROWD
2026-07-23 19:06:00,8,MEDIUM,87,HIGH CROWD
2026-07-23 19:06:00,9,MEDIUM,87,HIGH CROWD
2026-07-23 19:06:00,9,MEDIUM,87,HIGH CROWD
2026-07-23 19:06:00,9,MEDIUM,87,HIGH CROWD
2026-07-23 19:06:00,9,MEDIUM,87,HIGH CROWD
2026-07-23 19:06:00,9,MEDIUM,87,HIGH CROWD
2026-07-23 19:06:00,9,MEDIUM,87,HIGH CROWD
2026-07-23 19:06:00,8,MEDIUM,87,HIGH CROWD
2026-07-23 19:06:00,7,MEDIUM,87,
2026-07-23 19:06:00,8,MEDIUM,87,HIGH CROWD
2026-07-23 19:06:00,9,MEDIUM,87,HIGH CROWD
2026-07-23 19:06:00,9,MEDIUM,88,HIGH CROWD
2026-07-23 19:06:00,8,MEDIUM,88,HIGH CROWD
2026-07-23 19:06:00,8,MEDIUM,88,HIGH CROWD
2026-07-23 19:06:01,8,MEDIUM,88,HIGH CROWD
2026-07-23 19:06:01,8,MEDIUM,88,HIGH CROWD
2026-07-23 19:06:01,9,MEDIUM,88,HIGH CROWD
2026-07-23 19:06:01,9,MEDIUM,88,HIGH CROWD
2026-07-23 19:06:01,10,MEDIUM,89,HIGH CROWD
2026-07-23 19:06:01,8,MEDIUM,89,HIGH CROWD
2026-07-23 19:06:01,10,MEDIUM,89,HIGH CROWD
2026-07-23 19:06:01,8,MEDIUM,89,HIGH CROWD
2026-07-23 19:06:01,8,MEDIUM,89,HIGH CROWD
2026-07-23 19:06:01,7,MEDIUM,89,
2026-07-23 19:06:01,7,MEDIUM,89,
2026-07-23 19:06:01,6,MEDIUM,89,
2026-07-23 19:06:02,9,MEDIUM,90,HIGH CROWD
2026-07-23 19:06:02,9,MEDIUM,90,HIGH CROWD
2026-07-23 19:06:02,8,MEDIUM,90,HIGH CROWD
2026-07-23 19:06:02,8,MEDIUM,90,HIGH CROWD
2026-07-23 19:06:02,9,MEDIUM,90,HIGH CROWD
2026-07-23 19:06:02,9,MEDIUM,90,HIGH CROWD
2026-07-23 19:06:02,9,MEDIUM,90,HIGH CROWD
2026-07-23 19:06:02,9,MEDIUM,90,HIGH CROWD
2026-07-23 19:06:02,8,MEDIUM,90,HIGH CROWD
2026-07-23 19:06:02,7,MEDIUM,90,
2026-07-23 19:06:02,7,MEDIUM,90,
2026-07-23 19:06:02,6,MEDIUM,90,
2026-07-23 19:06:02,7,MEDIUM,90,
2026-07-23 19:06:02,7,MEDIUM,90,
2026-07-23 19:06:03,8,MEDIUM,90,HIGH CROWD
2026-07-23 19:06:03,7,MEDIUM,90,
2026-07-23 19:06:03,7,MEDIUM,90,
2026-07-23 19:06:03,7,MEDIUM,90,
2026-07-23 19:06:03,7,MEDIUM,90,
2026-07-23 19:06:03,7,MEDIUM,90,
2026-07-23 19:06:03,6,MEDIUM,90,
2026-07-23 19:06:03,6,MEDIUM,90,
2026-07-23 19:06:03,7,MEDIUM,90,
2026-07-23 19:06:03,8,MEDIUM,90,HIGH CROWD
2026-07-23 19:06:03,8,MEDIUM,91,HIGH CROWD
2026-07-23 19:06:03,9,MEDIUM,91,HIGH CROWD
2026-07-23 19:06:03,8,MEDIUM,91,HIGH CROWD
2026-07-23 19:06:03,9,MEDIUM,91,HIGH CROWD
2026-07-23 19:06:04,9,MEDIUM,91,HIGH CROWD
2026-07-23 19:06:04,9,MEDIUM,91,HIGH CROWD
2026-07-23 19:06:04,9,MEDIUM,91,HIGH CROWD
2026-07-23 19:06:04,9,MEDIUM,91,HIGH CROWD
2026-07-23 19:06:04,9,MEDIUM,91,HIGH CROWD
2026-07-23 19:06:04,9,MEDIUM,91,HIGH CROWD
2026-07-23 19:06:04,9,MEDIUM,91,HIGH CROWD
2026-07-23 19:06:04,10,MEDIUM,91,HIGH CROWD
2026-07-23 19:06:04,9,MEDIUM,91,HIGH CROWD
2026-07-23 19:06:04,9,MEDIUM,91,HIGH CROWD
2026-07-23 19:06:04,9,MEDIUM,91,HIGH CROWD
2026-07-23 19:06:04,9,MEDIUM,91,HIGH CROWD
2026-07-23 19:06:04,9,MEDIUM,91,HIGH CROWD
2026-07-23 19:06:05,9,MEDIUM,91,HIGH CROWD
2026-07-23 19:06:05,9,MEDIUM,91,HIGH CROWD
2026-07-23 19:06:05,9,MEDIUM,91,HIGH CROWD
2026-07-23 19:06:05,7,MEDIUM,91,
2026-07-23 19:06:05,8,MEDIUM,91,HIGH CROWD
2026-07-23 19:06:05,7,MEDIUM,91,
2026-07-23 19:06:05,8,MEDIUM,91,HIGH CROWD
2026-07-23 19:06:05,7,MEDIUM,91,
2026-07-23 19:06:05,8,MEDIUM,91,HIGH CROWD
2026-07-23 19:06:05,7,MEDIUM,91,
2026-07-23 19:06:05,8,MEDIUM,91,HIGH CROWD
2026-07-23 19:06:05,8,MEDIUM,91,HIGH CROWD
2026-07-23 19:06:05,8,MEDIUM,91,HIGH CROWD
2026-07-23 19:06:06,8,MEDIUM,91,HIGH CROWD
2026-07-23 19:06:06,7,MEDIUM,91,
2026-07-23 19:06:06,7,MEDIUM,91,
2026-07-23 19:06:06,8,MEDIUM,91,HIGH CROWD
2026-07-23 19:06:06,8,MEDIUM,91,HIGH CROWD
2026-07-23 19:06:06,8,MEDIUM,91,HIGH CROWD
2026-07-23 19:06:06,9,MEDIUM,91,HIGH CROWD
2026-07-23 19:06:06,7,MEDIUM,91,
2026-07-23 19:06:06,7,MEDIUM,91,
2026-07-23 19:06:06,7,MEDIUM,91,
2026-07-23 19:06:06,8,MEDIUM,91,HIGH CROWD
2026-07-23 19:06:06,8,MEDIUM,91,HIGH CROWD
2026-07-23 19:06:06,7,MEDIUM,91,
2026-07-23 19:19:58,11,MEDIUM,11,HIGH CROWD
2026-07-23 19:19:58,11,MEDIUM,11,HIGH CROWD
2026-07-23 19:19:58,10,MEDIUM,11,HIGH CROWD
2026-07-23 19:19:58,10,MEDIUM,11,HIGH CROWD
2026-07-23 19:19:58,10,MEDIUM,11,HIGH CROWD
2026-07-23 19:19:58,11,MEDIUM,12,HIGH CROWD
2026-07-23 19:19:58,11,MEDIUM,12,HIGH CROWD
2026-07-23 19:19:58,10,MEDIUM,12,HIGH CROWD
2026-07-23 19:19:58,10,MEDIUM,12,HIGH CROWD
2026-07-23 19:19:59,9,MEDIUM,12,HIGH CROWD
2026-07-23 19:19:59,10,MEDIUM,12,HIGH CROWD
2026-07-23 19:19:59,10,MEDIUM,12,HIGH CROWD
2026-07-23 19:19:59,10,MEDIUM,12,HIGH CROWD
2026-07-23 19:19:59,10,MEDIUM,12,HIGH CROWD
2026-07-23 19:19:59,9,MEDIUM,13,HIGH CROWD
2026-07-23 19:19:59,9,MEDIUM,14,HIGH CROWD
2026-07-23 19:19:59,11,MEDIUM,14,HIGH CROWD
2026-07-23 19:19:59,10,MEDIUM,14,HIGH CROWD
2026-07-23 19:19:59,11,MEDIUM,15,HIGH CROWD
2026-07-23 19:19:59,8,MEDIUM,15,HIGH CROWD
2026-07-23 19:19:59,9,MEDIUM,15,HIGH CROWD
2026-07-23 19:19:59,8,MEDIUM,15,HIGH CROWD
2026-07-23 19:19:59,10,MEDIUM,15,HIGH CROWD
2026-07-23 19:20:00,8,MEDIUM,15,HIGH CROWD
2026-07-23 19:20:00,9,MEDIUM,15,HIGH CROWD
2026-07-23 19:20:00,9,MEDIUM,15,HIGH CROWD
2026-07-23 19:20:00,9,MEDIUM,15,HIGH CROWD
2026-07-23 19:20:00,9,MEDIUM,15,HIGH CROWD
2026-07-23 19:20:00,9,MEDIUM,15,HIGH CROWD
2026-07-23 19:20:00,11,MEDIUM,16,HIGH CROWD
2026-07-23 19:20:00,10,MEDIUM,16,HIGH CROWD
2026-07-23 19:20:00,11,MEDIUM,16,HIGH CROWD
2026-07-23 19:20:00,11,MEDIUM,16,HIGH CROWD
2026-07-23 19:20:00,11,MEDIUM,16,HIGH CROWD
2026-07-23 19:20:00,11,MEDIUM,16,HIGH CROWD
2026-07-23 19:20:00,12,MEDIUM,16,HIGH CROWD
2026-07-23 19:20:00,12,MEDIUM,16,HIGH CROWD
2026-07-23 19:20:00,12,MEDIUM,16,HIGH CROWD
2026-07-23 19:20:01,12,MEDIUM,16,HIGH CROWD
2026-07-23 19:20:01,12,MEDIUM,16,HIGH CROWD
2026-07-23 19:20:01,10,MEDIUM,16,HIGH CROWD
2026-07-23 19:20:01,11,MEDIUM,16,HIGH CROWD
2026-07-23 19:20:01,11,MEDIUM,16,HIGH CROWD
2026-07-23 19:20:01,11,MEDIUM,16,HIGH CROWD
2026-07-23 19:20:01,11,MEDIUM,16,HIGH CROWD
2026-07-23 19:20:01,10,MEDIUM,16,HIGH CROWD
2026-07-23 19:20:01,9,MEDIUM,16,HIGH CROWD
2026-07-23 19:20:01,11,MEDIUM,16,HIGH CROWD
2026-07-23 19:20:01,10,MEDIUM,16,HIGH CROWD
2026-07-23 19:20:01,10,MEDIUM,16,HIGH CROWD
2026-07-23 19:20:01,10,MEDIUM,16,HIGH CROWD
2026-07-23 19:20:01,10,MEDIUM,16,HIGH CROWD
2026-07-23 19:20:01,10,MEDIUM,16,HIGH CROWD
2026-07-23 19:20:01,11,MEDIUM,17,HIGH CROWD
2026-07-23 19:20:01,11,MEDIUM,17,HIGH CROWD
2026-07-23 19:20:02,11,MEDIUM,17,HIGH CROWD
2026-07-23 19:20:02,11,MEDIUM,17,HIGH CROWD
2026-07-23 19:20:02,10,MEDIUM,17,HIGH CROWD
2026-07-23 19:20:02,11,MEDIUM,17,HIGH CROWD
2026-07-23 19:20:02,10,MEDIUM,17,HIGH CROWD
2026-07-23 19:20:02,10,MEDIUM,17,HIGH CROWD
2026-07-23 19:20:02,10,MEDIUM,17,HIGH CROWD
2026-07-23 19:20:02,10,MEDIUM,17,HIGH CROWD
2026-07-23 19:20:02,10,MEDIUM,17,HIGH CROWD
2026-07-23 19:20:02,10,MEDIUM,17,HIGH CROWD
2026-07-23 19:20:02,10,MEDIUM,17,HIGH CROWD
2026-07-23 19:20:02,10,MEDIUM,17,HIGH CROWD
2026-07-23 19:20:02,10,MEDIUM,17,HIGH CROWD
2026-07-23 19:20:02,9,MEDIUM,17,HIGH CROWD
2026-07-23 19:20:02,9,MEDIUM,17,HIGH CROWD
2026-07-23 19:20:03,10,MEDIUM,17,HIGH CROWD
2026-07-23 19:20:03,10,MEDIUM,17,HIGH CROWD
2026-07-23 19:20:03,11,MEDIUM,17,HIGH CROWD
2026-07-23 19:20:03,11,MEDIUM,17,HIGH CROWD
2026-07-23 19:20:03,11,MEDIUM,17,HIGH CROWD
2026-07-23 19:20:03,10,MEDIUM,17,HIGH CROWD
2026-07-23 19:20:03,11,MEDIUM,17,HIGH CROWD
2026-07-23 19:20:03,11,MEDIUM,17,HIGH CROWD
2026-07-23 19:20:03,12,MEDIUM,18,HIGH CROWD
2026-07-23 19:20:03,11,MEDIUM,18,HIGH CROWD
2026-07-23 19:20:03,11,MEDIUM,18,HIGH CROWD
2026-07-23 19:20:03,10,MEDIUM,18,HIGH CROWD
2026-07-23 19:20:03,9,MEDIUM,18,HIGH CROWD
2026-07-23 19:20:03,9,MEDIUM,18,HIGH CROWD
2026-07-23 19:20:03,10,MEDIUM,18,HIGH CROWD
2026-07-23 19:20:04,11,MEDIUM,18,HIGH CROWD
2026-07-23 19:20:04,10,MEDIUM,18,HIGH CROWD
2026-07-23 19:20:04,11,MEDIUM,18,HIGH CROWD
2026-07-23 19:20:04,11,MEDIUM,18,HIGH CROWD
2026-07-23 19:20:04,12,MEDIUM,18,HIGH CROWD
2026-07-23 19:20:04,12,MEDIUM,18,HIGH CROWD
2026-07-23 19:20:04,12,MEDIUM,18,HIGH CROWD
2026-07-23 19:20:04,12,MEDIUM,18,HIGH CROWD
2026-07-23 19:20:04,12,MEDIUM,18,HIGH CROWD
2026-07-23 19:20:04,12,MEDIUM,18,HIGH CROWD
2026-07-23 19:20:04,13,MEDIUM,19,HIGH CROWD
2026-07-23 19:20:04,13,MEDIUM,19,HIGH CROWD
2026-07-23 19:20:04,13,MEDIUM,19,HIGH CROWD
2026-07-23 19:20:04,13,MEDIUM,19,HIGH CROWD
2026-07-23 19:20:04,13,MEDIUM,19,HIGH CROWD
2026-07-23 19:20:04,12,MEDIUM,19,HIGH CROWD
2026-07-23 19:20:05,12,MEDIUM,19,HIGH CROWD
2026-07-23 19:20:05,11,MEDIUM,19,HIGH CROWD
2026-07-23 19:20:05,11,MEDIUM,19,HIGH CROWD
2026-07-23 19:20:05,11,MEDIUM,19,HIGH CROWD
2026-07-23 19:20:05,11,MEDIUM,19,HIGH CROWD
2026-07-23 19:20:05,11,MEDIUM,19,HIGH CROWD
2026-07-23 19:20:05,12,MEDIUM,19,HIGH CROWD
2026-07-23 19:20:05,12,MEDIUM,19,HIGH CROWD
2026-07-23 19:20:05,11,MEDIUM,19,HIGH CROWD
2026-07-23 19:20:05,10,MEDIUM,19,HIGH CROWD
2026-07-23 19:20:05,10,MEDIUM,19,HIGH CROWD
2026-07-23 19:20:05,11,MEDIUM,19,HIGH CROWD
2026-07-23 19:20:05,11,MEDIUM,20,HIGH CROWD
2026-07-23 19:20:05,11,MEDIUM,20,HIGH CROWD
2026-07-23 19:20:05,11,MEDIUM,20,HIGH CROWD
2026-07-23 19:20:06,11,MEDIUM,20,HIGH CROWD
2026-07-23 19:20:06,12,MEDIUM,20,HIGH CROWD
2026-07-23 19:20:06,11,MEDIUM,20,HIGH CROWD
2026-07-23 19:20:06,12,MEDIUM,20,HIGH CROWD
2026-07-23 19:20:06,11,MEDIUM,20,HIGH CROWD
2026-07-23 19:20:06,12,MEDIUM,21,HIGH CROWD
2026-07-23 19:20:06,12,MEDIUM,21,HIGH CROWD
2026-07-23 19:20:06,11,MEDIUM,21,HIGH CROWD
2026-07-23 19:20:06,11,MEDIUM,21,HIGH CROWD
2026-07-23 19:20:06,10,MEDIUM,21,HIGH CROWD
2026-07-23 19:20:06,11,MEDIUM,22,HIGH CROWD
2026-07-23 19:20:06,11,MEDIUM,22,HIGH CROWD
2026-07-23 19:20:06,10,MEDIUM,23,HIGH CROWD
2026-07-23 19:20:06,12,MEDIUM,24,HIGH CROWD
2026-07-23 19:20:06,15,MEDIUM,25,HIGH CROWD
2026-07-23 19:20:06,14,MEDIUM,25,HIGH CROWD
2026-07-23 19:20:07,13,MEDIUM,25,HIGH CROWD
2026-07-23 19:20:07,11,MEDIUM,25,HIGH CROWD
2026-07-23 19:20:07,7,MEDIUM,25,
2026-07-23 19:20:07,8,MEDIUM,25,HIGH CROWD
2026-07-23 19:20:07,11,MEDIUM,25,HIGH CROWD
2026-07-23 19:20:07,12,MEDIUM,26,HIGH CROWD
2026-07-23 19:20:07,13,MEDIUM,27,HIGH CROWD
2026-07-23 19:20:07,13,MEDIUM,27,HIGH CROWD
2026-07-23 19:20:07,14,MEDIUM,27,HIGH CROWD
2026-07-23 19:20:07,13,MEDIUM,27,HIGH CROWD
2026-07-23 19:20:07,13,MEDIUM,27,HIGH CROWD
2026-07-23 19:20:07,14,MEDIUM,27,HIGH CROWD
2026-07-23 19:20:07,13,MEDIUM,28,HIGH CROWD
2026-07-23 19:20:07,13,MEDIUM,28,HIGH CROWD
2026-07-23 19:20:07,13,MEDIUM,28,HIGH CROWD
2026-07-23 19:20:08,12,MEDIUM,29,HIGH CROWD
2026-07-23 19:20:08,14,MEDIUM,30,HIGH CROWD
2026-07-23 19:20:08,13,MEDIUM,30,HIGH CROWD
2026-07-23 19:20:08,14,MEDIUM,30,HIGH CROWD
2026-07-23 19:20:08,13,MEDIUM,30,HIGH CROWD
2026-07-23 19:20:08,11,MEDIUM,30,HIGH CROWD
2026-07-23 19:20:08,15,MEDIUM,30,HIGH CROWD
2026-07-23 19:20:08,14,MEDIUM,31,HIGH CROWD
2026-07-23 19:20:08,9,MEDIUM,31,HIGH CROWD
2026-07-23 19:20:08,10,MEDIUM,31,HIGH CROWD
2026-07-23 19:20:08,14,MEDIUM,31,HIGH CROWD
2026-07-23 19:20:08,13,MEDIUM,31,HIGH CROWD
2026-07-23 19:20:08,14,MEDIUM,31,HIGH CROWD
2026-07-23 19:20:08,15,MEDIUM,32,HIGH CROWD
2026-07-23 19:20:08,13,MEDIUM,32,HIGH CROWD
2026-07-23 19:20:09,12,MEDIUM,32,HIGH CROWD
2026-07-23 19:20:09,13,MEDIUM,32,HIGH CROWD
2026-07-23 19:20:09,12,MEDIUM,32,HIGH CROWD
2026-07-23 19:20:09,12,MEDIUM,32,HIGH CROWD
2026-07-23 19:20:09,12,MEDIUM,33,HIGH CROWD
2026-07-23 19:20:09,13,MEDIUM,33,HIGH CROWD
2026-07-23 19:20:09,11,MEDIUM,33,HIGH CROWD
2026-07-23 19:20:09,12,MEDIUM,33,HIGH CROWD
2026-07-23 19:20:09,10,MEDIUM,33,HIGH CROWD
2026-07-23 19:20:09,7,MEDIUM,33,
2026-07-23 19:20:09,7,MEDIUM,33,
2026-07-23 19:20:09,9,MEDIUM,33,HIGH CROWD
2026-07-23 19:20:09,6,MEDIUM,33,
2026-07-23 19:20:09,7,MEDIUM,33,
2026-07-23 19:20:09,5,LOW,33,
2026-07-23 19:20:09,3,LOW,33,
2026-07-23 19:20:10,3,LOW,33,
2026-07-23 19:20:10,2,LOW,33,
2026-07-23 19:20:10,1,LOW,33,
2026-07-23 19:20:10,0,LOW,33,
2026-07-23 19:20:10,1,LOW,33,
2026-07-23 19:20:10,0,LOW,33,
2026-07-23 19:20:10,0,LOW,33,
2026-07-23 19:20:10,0,LOW,33,
2026-07-23 19:20:10,0,LOW,33,
2026-07-23 19:20:10,0,LOW,33,
2026-07-23 19:20:10,0,LOW,33,
2026-07-23 19:20:10,0,LOW,33,
2026-07-23 19:20:10,0,LOW,33,
2026-07-23 19:20:10,0,LOW,33,
2026-07-23 19:20:10,0,LOW,33,
2026-07-23 19:20:10,0,LOW,33,
2026-07-23 19:20:11,0,LOW,33,
2026-07-23 19:20:11,0,LOW,33,
2026-07-23 19:20:11,0,LOW,33,
2026-07-23 19:20:11,0,LOW,33,
2026-07-23 19:20:11,0,LOW,33,
2026-07-23 19:20:11,0,LOW,33,
2026-07-23 19:20:11,0,LOW,33,
2026-07-23 19:20:11,0,LOW,33,
2026-07-23 19:20:11,0,LOW,33,
2026-07-23 19:20:11,0,LOW,33,
2026-07-23 19:20:11,0,LOW,33,
2026-07-23 19:20:11,0,LOW,33,
2026-07-23 19:20:11,0,LOW,33,
2026-07-23 19:20:11,0,LOW,33,
2026-07-23 19:20:11,0,LOW,33,
2026-07-23 19:20:11,0,LOW,33,
2026-07-23 19:20:11,0,LOW,33,
2026-07-23 19:20:11,0,LOW,33,
2026-07-23 19:20:12,0,LOW,33,
2026-07-23 19:20:12,0,LOW,33,
2026-07-23 19:20:12,0,LOW,33,
2026-07-23 19:20:12,0,LOW,33,
2026-07-23 19:20:12,1,LOW,34,
2026-07-23 19:20:12,0,LOW,34,
2026-07-23 19:20:12,0,LOW,34,
2026-07-23 19:20:12,0,LOW,34,
2026-07-23 19:20:12,1,LOW,34,
2026-07-23 19:20:12,1,LOW,34,
2026-07-23 19:20:12,1,LOW,34,
2026-07-23 19:20:12,1,LOW,34,
2026-07-23 19:20:12,2,LOW,35,
2026-07-23 19:20:12,1,LOW,35,
2026-07-23 19:20:12,2,LOW,36,
2026-07-23 19:20:12,2,LOW,36,
2026-07-23 19:20:12,2,LOW,36,
2026-07-23 19:20:13,2,LOW,36,
2026-07-23 19:20:13,2,LOW,36,
2026-07-23 19:20:13,2,LOW,36,
2026-07-23 19:20:13,1,LOW,36,
2026-07-23 19:20:13,0,LOW,36,
2026-07-23 19:20:13,1,LOW,36,
2026-07-23 19:20:13,1,LOW,36,
2026-07-23 19:20:13,0,LOW,36,
2026-07-23 19:20:13,0,LOW,36,
2026-07-23 19:20:13,0,LOW,36,
2026-07-23 19:20:13,0,LOW,36,
2026-07-23 19:20:13,0,LOW,36,
2026-07-23 19:20:13,0,LOW,36,
2026-07-23 19:20:13,1,LOW,36,
2026-07-23 19:20:13,1,LOW,36,
2026-07-23 19:20:14,1,LOW,36,
2026-07-23 19:20:14,1,LOW,36,
2026-07-23 19:20:14,1,LOW,36,
2026-07-23 19:20:14,1,LOW,36,
2026-07-23 19:20:14,1,LOW,36,
2026-07-23 19:20:14,2,LOW,36,
2026-07-23 19:20:14,1,LOW,36,
2026-07-23 19:20:14,1,LOW,36,
2026-07-23 19:20:14,2,LOW,36,
2026-07-23 19:20:14,2,LOW,36,
2026-07-23 19:20:14,2,LOW,36,
2026-07-23 19:20:14,2,LOW,36,
2026-07-23 19:20:14,2,LOW,36,
2026-07-23 19:20:14,2,LOW,36,
2026-07-23 19:20:14,2,LOW,36,
2026-07-23 19:20:14,2,LOW,36,
2026-07-23 19:20:15,2,LOW,37,
2026-07-23 19:20:15,2,LOW,37,
2026-07-23 19:20:15,2,LOW,37,
2026-07-23 19:20:15,2,LOW,37,
2026-07-23 19:20:15,2,LOW,37,
2026-07-23 19:20:15,2,LOW,37,
2026-07-23 19:20:15,1,LOW,37,
2026-07-23 19:20:15,2,LOW,37,
2026-07-23 19:20:15,2,LOW,37,
2026-07-23 19:20:15,3,LOW,37,
2026-07-23 19:20:15,2,LOW,37,
2026-07-23 19:20:15,2,LOW,37,
2026-07-23 19:20:15,2,LOW,37,
2026-07-23 19:20:15,2,LOW,37,
2026-07-23 19:20:15,2,LOW,37,
2026-07-23 19:20:15,2,LOW,37,
2026-07-23 19:20:15,0,LOW,37,
2026-07-23 19:20:16,1,LOW,37,
2026-07-23 19:20:16,1,LOW,37,
2026-07-23 19:20:16,0,LOW,37,
2026-07-23 19:20:16,0,LOW,37,
2026-07-23 19:20:16,0,LOW,37,
2026-07-23 19:20:16,2,LOW,38,
2026-07-23 19:20:16,1,LOW,38,
2026-07-23 19:20:16,1,LOW,38,
2026-07-23 19:20:16,1,LOW,38,
2026-07-23 19:20:16,2,LOW,38,
2026-07-23 19:20:16,2,LOW,38,
2026-07-23 19:20:16,1,LOW,38,
2026-07-23 19:20:16,1,LOW,38,
2026-07-23 19:20:16,2,LOW,38,
2026-07-23 19:20:16,1,LOW,38,
2026-07-23 19:20:16,0,LOW,38,
2026-07-23 19:20:16,0,LOW,38,
2026-07-23 19:20:17,0,LOW,38,
2026-07-23 19:20:17,0,LOW,38,
2026-07-23 19:20:17,0,LOW,38,
2026-07-23 19:20:17,0,LOW,38,
2026-07-23 19:20:17,1,LOW,38,
2026-07-23 19:20:17,1,LOW,38,
2026-07-23 19:20:17,1,LOW,38,
2026-07-23 19:20:17,0,LOW,38,
2026-07-23 19:20:17,0,LOW,38,
2026-07-23 19:20:17,1,LOW,39,
2026-07-23 19:20:17,1,LOW,39,
2026-07-23 19:20:17,1,LOW,39,
2026-07-23 19:20:17,1,LOW,39,
2026-07-23 19:20:17,2,LOW,39,
2026-07-23 19:20:17,2,LOW,39,
2026-07-23 19:20:17,1,LOW,39,
2026-07-23 19:20:18,0,LOW,39,
2026-07-23 19:20:18,1,LOW,39,
2026-07-23 19:20:18,1,LOW,39,
2026-07-23 19:20:18,1,LOW,39,
2026-07-23 19:20:18,0,LOW,39,
2026-07-23 19:20:18,1,LOW,39,
2026-07-23 19:20:18,1,LOW,39,
2026-07-23 19:20:18,1,LOW,39,
2026-07-23 19:20:18,1,LOW,39,
2026-07-23 19:20:18,0,LOW,39,
2026-07-23 19:20:18,1,LOW,39,
2026-07-23 19:20:18,1,LOW,39,
2026-07-23 19:20:18,1,LOW,39,
2026-07-23 19:20:18,1,LOW,39,
2026-07-23 19:20:18,1,LOW,39,
2026-07-23 19:20:18,1,LOW,39,
2026-07-23 19:20:18,1,LOW,39,
2026-07-23 19:20:18,1,LOW,39,
2026-07-23 19:20:19,1,LOW,39,
2026-07-23 19:20:19,1,LOW,39,
2026-07-23 19:20:19,1,LOW,39,
2026-07-23 19:20:19,1,LOW,39,
2026-07-23 19:20:19,1,LOW,39,
2026-07-23 19:20:19,1,LOW,39,
2026-07-23 19:20:19,1,LOW,39,
2026-07-23 19:20:19,1,LOW,39,
2026-07-23 19:20:19,1,LOW,39,
2026-07-23 19:20:19,1,LOW,39,
2026-07-23 19:20:19,1,LOW,39,
2026-07-23 19:20:19,1,LOW,39,
2026-07-23 19:20:19,1,LOW,39,
2026-07-23 19:20:19,1,LOW,39,
2026-07-23 19:20:19,1,LOW,39,
2026-07-23 19:20:19,1,LOW,39,
2026-07-23 19:20:20,1,LOW,39,
2026-07-23 19:20:20,1,LOW,39,
2026-07-23 19:20:20,1,LOW,39,
2026-07-23 19:20:20,1,LOW,39,
2026-07-23 19:20:20,1,LOW,39,
2026-07-23 19:20:20,1,LOW,39,
2026-07-23 19:20:20,1,LOW,39,
2026-07-23 19:20:20,1,LOW,39,
2026-07-23 19:20:20,1,LOW,39,
2026-07-23 19:20:20,1,LOW,39,
2026-07-23 19:20:20,1,LOW,39,
2026-07-23 19:20:20,1,LOW,39,
2026-07-23 19:20:20,2,LOW,40,
2026-07-23 19:20:20,2,LOW,40,
2026-07-23 19:20:20,2,LOW,40,
2026-07-23 19:20:21,4,LOW,42,
2026-07-23 19:20:21,3,LOW,42,
2026-07-23 19:20:21,4,LOW,42,
2026-07-23 19:20:21,5,LOW,43,
2026-07-23 19:20:21,5,LOW,43,
2026-07-23 19:20:21,5,LOW,43,
2026-07-23 19:20:21,5,LOW,43,
2026-07-23 19:20:21,5,LOW,43,
2026-07-23 19:20:21,4,LOW,43,
2026-07-23 19:20:21,6,MEDIUM,44,
2026-07-23 19:20:21,7,MEDIUM,45,
2026-07-23 19:20:21,7,MEDIUM,45,
2026-07-23 19:20:21,6,MEDIUM,45,
2026-07-23 19:20:21,6,MEDIUM,45,
2026-07-23 19:20:22,7,MEDIUM,45,
2026-07-23 19:20:22,7,MEDIUM,45,
2026-07-23 19:20:22,7,MEDIUM,45,
2026-07-23 19:20:22,7,MEDIUM,45,
2026-07-23 19:20:22,7,MEDIUM,45,
2026-07-23 19:20:22,7,MEDIUM,45,
2026-07-23 19:20:22,6,MEDIUM,45,
2026-07-23 19:20:22,9,MEDIUM,47,HIGH CROWD
2026-07-23 19:20:22,8,MEDIUM,47,HIGH CROWD
2026-07-23 19:20:22,9,MEDIUM,48,HIGH CROWD
2026-07-23 19:20:22,9,MEDIUM,48,HIGH CROWD
2026-07-23 19:20:22,9,MEDIUM,48,HIGH CROWD
2026-07-23 19:20:22,9,MEDIUM,48,HIGH CROWD
2026-07-23 19:20:22,9,MEDIUM,48,HIGH CROWD
2026-07-23 19:20:22,7,MEDIUM,48,
2026-07-23 19:20:22,7,MEDIUM,48,
2026-07-23 19:20:23,6,MEDIUM,48,
2026-07-23 19:20:23,8,MEDIUM,48,HIGH CROWD
2026-07-23 19:20:23,7,MEDIUM,48,
2026-07-23 19:20:23,7,MEDIUM,48,
2026-07-23 19:20:23,7,MEDIUM,48,
2026-07-23 19:20:23,7,MEDIUM,48,
2026-07-23 19:20:23,6,MEDIUM,48,
2026-07-23 19:20:23,6,MEDIUM,48,
2026-07-23 19:20:23,6,MEDIUM,48,
2026-07-23 19:20:23,7,MEDIUM,48,
2026-07-23 19:20:23,7,MEDIUM,48,
2026-07-23 19:20:23,7,MEDIUM,48,
2026-07-23 19:20:23,7,MEDIUM,49,
2026-07-23 19:20:23,8,MEDIUM,49,HIGH CROWD
2026-07-23 19:20:23,8,MEDIUM,49,HIGH CROWD
2026-07-23 19:20:24,6,MEDIUM,49,
2026-07-23 19:20:24,6,MEDIUM,49,
2026-07-23 19:20:24,7,MEDIUM,49,
2026-07-23 19:20:24,7,MEDIUM,49,
2026-07-23 19:20:24,7,MEDIUM,49,
2026-07-23 19:20:24,7,MEDIUM,49,
2026-07-23 19:20:24,7,MEDIUM,49,
2026-07-23 19:20:24,7,MEDIUM,49,
2026-07-23 19:20:24,7,MEDIUM,49,
2026-07-23 19:20:24,7,MEDIUM,49,
2026-07-23 19:20:24,7,MEDIUM,50,
2026-07-23 19:20:24,8,MEDIUM,50,HIGH CROWD
2026-07-23 19:20:25,8,MEDIUM,50,HIGH CROWD
2026-07-23 19:20:25,8,MEDIUM,50,HIGH CROWD
2026-07-23 19:20:25,8,MEDIUM,50,HIGH CROWD
2026-07-23 19:20:25,8,MEDIUM,50,HIGH CROWD
2026-07-23 19:20:25,8,MEDIUM,50,HIGH CROWD
2026-07-23 19:20:25,8,MEDIUM,50,HIGH CROWD
2026-07-23 19:20:25,8,MEDIUM,50,HIGH CROWD
2026-07-23 19:20:25,8,MEDIUM,50,HIGH CROWD
2026-07-23 19:20:25,8,MEDIUM,50,HIGH CROWD
2026-07-23 19:20:25,8,MEDIUM,50,HIGH CROWD
2026-07-23 19:20:25,8,MEDIUM,50,HIGH CROWD
2026-07-23 19:20:25,8,MEDIUM,50,HIGH CROWD
2026-07-23 19:20:26,8,MEDIUM,50,HIGH CROWD
2026-07-23 19:20:26,8,MEDIUM,50,HIGH CROWD
2026-07-23 19:20:26,8,MEDIUM,50,HIGH CROWD
2026-07-23 19:20:26,8,MEDIUM,50,HIGH CROWD
2026-07-23 19:20:26,8,MEDIUM,50,HIGH CROWD
2026-07-23 19:20:26,8,MEDIUM,50,HIGH CROWD
2026-07-23 19:20:26,7,MEDIUM,50,
2026-07-23 19:20:26,8,MEDIUM,50,HIGH CROWD
2026-07-23 19:20:26,8,MEDIUM,50,HIGH CROWD
2026-07-23 19:20:26,8,MEDIUM,50,HIGH CROWD
2026-07-23 19:20:26,8,MEDIUM,50,HIGH CROWD
2026-07-23 19:20:26,7,MEDIUM,50,
2026-07-23 19:20:27,8,MEDIUM,50,HIGH CROWD
2026-07-23 19:20:27,8,MEDIUM,50,HIGH CROWD
2026-07-23 19:20:27,7,MEDIUM,50,
2026-07-23 19:20:27,7,MEDIUM,50,
2026-07-23 19:20:27,7,MEDIUM,50,
2026-07-23 19:20:27,8,MEDIUM,50,HIGH CROWD
2026-07-23 19:20:27,6,MEDIUM,51,
2026-07-23 19:20:27,6,MEDIUM,51,
2026-07-23 19:20:27,7,MEDIUM,51,
2026-07-23 19:20:27,7,MEDIUM,51,
2026-07-23 19:20:27,6,MEDIUM,52,
2026-07-23 19:20:27,7,MEDIUM,52,
2026-07-23 19:20:28,7,MEDIUM,52,
2026-07-23 19:20:28,7,MEDIUM,52,
2026-07-23 19:20:28,8,MEDIUM,52,HIGH CROWD
2026-07-23 19:20:28,8,MEDIUM,52,HIGH CROWD
2026-07-23 19:20:28,8,MEDIUM,52,HIGH CROWD
2026-07-23 19:20:28,7,MEDIUM,52,
2026-07-23 19:20:28,9,MEDIUM,52,HIGH CROWD
2026-07-23 19:20:28,9,MEDIUM,52,HIGH CROWD
2026-07-23 19:20:28,9,MEDIUM,52,HIGH CROWD
2026-07-23 19:20:28,7,MEDIUM,52,
2026-07-23 19:20:28,7,MEDIUM,52,
2026-07-23 19:20:28,7,MEDIUM,52,
2026-07-23 19:20:29,6,MEDIUM,52,
2026-07-23 19:20:29,7,MEDIUM,52,
2026-07-23 19:20:29,6,MEDIUM,52,
2026-07-23 19:20:29,6,MEDIUM,52,
2026-07-23 19:20:29,5,LOW,52,
2026-07-23 19:20:29,8,MEDIUM,52,HIGH CROWD
2026-07-23 19:20:29,5,LOW,52,
2026-07-23 19:20:29,6,MEDIUM,52,
2026-07-23 19:20:29,6,MEDIUM,52,
2026-07-23 19:20:29,6,MEDIUM,53,
2026-07-23 19:20:29,6,MEDIUM,53,
2026-07-23 19:20:29,8,MEDIUM,53,HIGH CROWD
2026-07-23 19:20:30,8,MEDIUM,53,HIGH CROWD
2026-07-23 19:20:30,8,MEDIUM,53,HIGH CROWD
2026-07-23 19:20:30,8,MEDIUM,53,HIGH CROWD
2026-07-23 19:20:30,8,MEDIUM,53,HIGH CROWD
2026-07-23 19:20:30,7,MEDIUM,53,
2026-07-23 19:20:30,7,MEDIUM,53,
2026-07-23 19:20:30,7,MEDIUM,53,
2026-07-23 19:20:30,7,MEDIUM,53,
2026-07-23 19:20:30,7,MEDIUM,53,
2026-07-23 19:20:30,8,MEDIUM,53,HIGH CROWD
2026-07-23 19:20:30,8,MEDIUM,53,HIGH CROWD
2026-07-23 19:20:30,7,MEDIUM,54,
2026-07-23 19:20:31,8,MEDIUM,54,HIGH CROWD
2026-07-23 19:20:31,8,MEDIUM,54,HIGH CROWD
2026-07-23 19:20:31,8,MEDIUM,54,HIGH CROWD
2026-07-23 19:20:31,8,MEDIUM,54,HIGH CROWD
2026-07-23 19:20:31,8,MEDIUM,54,HIGH CROWD
2026-07-23 19:20:31,8,MEDIUM,54,HIGH CROWD
2026-07-23 19:20:31,7,MEDIUM,54,
2026-07-23 19:20:31,6,MEDIUM,54,
2026-07-23 19:20:31,7,MEDIUM,54,
2026-07-23 19:20:31,8,MEDIUM,54,HIGH CROWD
2026-07-23 19:20:31,9,MEDIUM,55,HIGH CROWD
2026-07-23 19:20:31,8,MEDIUM,55,HIGH CROWD
2026-07-23 19:20:32,8,MEDIUM,55,HIGH CROWD
2026-07-23 19:20:32,8,MEDIUM,55,HIGH CROWD
2026-07-23 19:20:32,8,MEDIUM,55,HIGH CROWD
2026-07-23 19:20:32,8,MEDIUM,55,HIGH CROWD
2026-07-23 19:20:32,9,MEDIUM,56,HIGH CROWD
2026-07-23 19:20:32,9,MEDIUM,56,HIGH CROWD
2026-07-23 19:20:32,10,MEDIUM,56,HIGH CROWD
2026-07-23 19:20:32,9,MEDIUM,56,HIGH CROWD
2026-07-23 19:20:32,9,MEDIUM,56,HIGH CROWD
2026-07-23 19:20:32,8,MEDIUM,56,HIGH CROWD
2026-07-23 19:20:32,8,MEDIUM,56,HIGH CROWD
2026-07-23 19:20:32,8,MEDIUM,56,HIGH CROWD
2026-07-23 19:20:33,8,MEDIUM,56,HIGH CROWD
2026-07-23 19:20:33,8,MEDIUM,56,HIGH CROWD
2026-07-23 19:20:33,9,MEDIUM,56,HIGH CROWD
2026-07-23 19:20:33,8,MEDIUM,56,HIGH CROWD
2026-07-23 19:20:33,7,MEDIUM,56,
2026-07-23 19:20:33,8,MEDIUM,56,HIGH CROWD
2026-07-23 19:20:33,6,MEDIUM,56,
2026-07-23 19:20:33,6,MEDIUM,56,
2026-07-23 19:20:33,7,MEDIUM,56,
2026-07-23 19:20:33,7,MEDIUM,56,
2026-07-23 19:20:33,7,MEDIUM,56,
2026-07-23 19:20:33,7,MEDIUM,56,
2026-07-23 19:20:34,7,MEDIUM,56,
2026-07-23 19:20:34,7,MEDIUM,56,
2026-07-23 19:20:34,7,MEDIUM,56,
2026-07-23 19:20:34,7,MEDIUM,56,
2026-07-23 19:20:34,6,MEDIUM,56,
2026-07-23 19:20:34,7,MEDIUM,56,
2026-07-23 19:20:34,7,MEDIUM,56,
2026-07-23 19:20:34,6,MEDIUM,56,
2026-07-23 19:20:34,6,MEDIUM,56,
2026-07-23 19:20:34,6,MEDIUM,56,
2026-07-23 19:20:34,6,MEDIUM,56,
2026-07-23 19:20:34,5,LOW,56,
2026-07-23 19:20:34,6,MEDIUM,56,
2026-07-23 19:20:35,6,MEDIUM,56,
2026-07-23 19:20:35,6,MEDIUM,56,
2026-07-23 19:20:35,5,LOW,56,
2026-07-23 19:20:35,6,MEDIUM,56,
2026-07-23 19:20:35,5,LOW,56,
2026-07-23 19:20:35,5,LOW,56,
2026-07-23 19:20:35,5,LOW,56,
2026-07-23 19:20:35,5,LOW,56,
2026-07-23 19:20:35,5,LOW,56,
2026-07-23 19:20:35,7,MEDIUM,57,
2026-07-23 19:20:35,8,MEDIUM,58,HIGH CROWD
2026-07-23 19:20:36,8,MEDIUM,58,HIGH CROWD
2026-07-23 19:20:36,8,MEDIUM,58,HIGH CROWD
2026-07-23 19:20:36,7,MEDIUM,58,
2026-07-23 19:20:36,8,MEDIUM,58,HIGH CROWD
2026-07-23 19:20:36,8,MEDIUM,58,HIGH CROWD
2026-07-23 19:20:37,7,MEDIUM,58,
2026-07-23 19:20:37,6,MEDIUM,58,
2026-07-23 19:20:37,7,MEDIUM,58,
2026-07-23 19:20:37,7,MEDIUM,58,
2026-07-23 19:20:37,7,MEDIUM,58,
2026-07-23 19:20:38,7,MEDIUM,58,
2026-07-23 19:20:38,7,MEDIUM,58,
2026-07-23 19:20:38,6,MEDIUM,58,
2026-07-23 19:20:38,7,MEDIUM,58,
2026-07-23 19:20:38,7,MEDIUM,58,
2026-07-23 19:20:38,7,MEDIUM,58,
2026-07-23 19:20:38,7,MEDIUM,58,
2026-07-23 19:20:38,7,MEDIUM,58,
2026-07-23 19:20:38,7,MEDIUM,58,
2026-07-23 19:20:38,7,MEDIUM,59,
2026-07-23 19:20:38,8,MEDIUM,59,HIGH CROWD
2026-07-23 19:20:38,6,MEDIUM,59,
2026-07-23 19:20:39,7,MEDIUM,59,
2026-07-23 19:20:39,6,MEDIUM,59,
2026-07-23 19:20:39,7,MEDIUM,59,
2026-07-23 19:20:39,7,MEDIUM,59,
2026-07-23 19:20:39,6,MEDIUM,59,
2026-07-23 19:20:39,6,MEDIUM,59,
2026-07-23 19:20:39,6,MEDIUM,59,
2026-07-23 19:20:39,6,MEDIUM,59,
2026-07-23 19:20:39,6,MEDIUM,59,
2026-07-23 19:20:39,6,MEDIUM,59,
2026-07-23 19:20:39,6,MEDIUM,59,
2026-07-23 19:20:39,6,MEDIUM,59,
2026-07-23 19:20:40,6,MEDIUM,59,
2026-07-23 19:20:40,6,MEDIUM,59,
2026-07-23 19:20:40,6,MEDIUM,59,
2026-07-23 19:20:40,6,MEDIUM,59,
2026-07-23 19:20:40,6,MEDIUM,59,
2026-07-23 19:20:40,8,MEDIUM,60,HIGH CROWD
2026-07-23 19:20:40,7,MEDIUM,60,
2026-07-23 19:20:40,8,MEDIUM,60,HIGH CROWD
2026-07-23 19:20:40,6,MEDIUM,60,
2026-07-23 19:20:40,6,MEDIUM,61,
2026-07-23 19:20:40,8,MEDIUM,61,HIGH CROWD
2026-07-23 19:20:40,6,MEDIUM,61,
2026-07-23 19:20:40,7,MEDIUM,61,
2026-07-23 19:20:41,5,LOW,61,
2026-07-23 19:20:41,5,LOW,61,
2026-07-23 19:20:41,4,LOW,61,
2026-07-23 19:20:41,5,LOW,62,
2026-07-23 19:20:41,4,LOW,62,
2026-07-23 19:20:41,4,LOW,62,
2026-07-23 19:20:41,6,MEDIUM,62,
2026-07-23 19:20:41,4,LOW,62,
2026-07-23 19:20:41,3,LOW,62,
2026-07-23 19:20:41,4,LOW,62,
2026-07-23 19:20:41,4,LOW,62,
2026-07-23 19:20:41,4,LOW,62,
2026-07-23 19:20:41,4,LOW,62,
2026-07-23 19:20:42,4,LOW,62,
2026-07-23 19:20:42,5,LOW,63,
2026-07-23 19:20:42,7,MEDIUM,63,
2026-07-23 19:20:42,5,LOW,63,
2026-07-23 19:20:42,6,MEDIUM,64,
2026-07-23 19:20:42,8,MEDIUM,64,HIGH CROWD
2026-07-23 19:20:42,7,MEDIUM,65,
2026-07-23 19:20:42,9,MEDIUM,66,HIGH CROWD
2026-07-23 19:20:42,8,MEDIUM,66,HIGH CROWD
2026-07-23 19:20:42,7,MEDIUM,67,
2026-07-23 19:20:42,4,LOW,67,
2026-07-23 19:20:42,6,MEDIUM,67,
2026-07-23 19:20:43,4,LOW,67,
2026-07-23 19:20:43,5,LOW,67,
2026-07-23 19:20:43,5,LOW,67,
2026-07-23 19:20:43,3,LOW,67,
2026-07-23 19:20:43,3,LOW,67,
2026-07-23 19:20:43,3,LOW,67,
2026-07-23 19:20:43,3,LOW,67,
2026-07-23 19:20:43,2,LOW,67,
2026-07-23 19:20:43,0,LOW,67,
2026-07-23 19:20:43,2,LOW,67,
2026-07-23 19:20:43,1,LOW,67,
2026-07-23 19:20:43,1,LOW,67,
2026-07-23 19:20:43,2,LOW,67,
2026-07-23 19:20:44,2,LOW,67,
2026-07-23 19:20:44,2,LOW,67,
2026-07-23 19:20:44,1,LOW,67,
2026-07-23 19:20:44,1,LOW,68,
2026-07-23 19:20:44,1,LOW,68,
2026-07-23 19:20:44,3,LOW,69,
2026-07-23 19:20:44,1,LOW,69,
2026-07-23 19:20:44,2,LOW,69,
2026-07-23 19:20:44,2,LOW,69,
2026-07-23 19:20:44,3,LOW,69,
2026-07-23 19:20:44,4,LOW,69,
2026-07-23 19:20:44,3,LOW,69,
2026-07-23 19:20:44,2,LOW,69,
2026-07-23 19:20:45,3,LOW,70,
2026-07-23 19:20:45,2,LOW,70,
2026-07-23 19:20:45,1,LOW,70,
2026-07-23 19:20:45,5,LOW,71,
2026-07-23 19:20:45,7,MEDIUM,72,
2026-07-23 19:20:45,7,MEDIUM,72,
2026-07-23 19:20:45,6,MEDIUM,72,
2026-07-23 19:20:45,6,MEDIUM,72,
2026-07-23 19:20:45,7,MEDIUM,72,
2026-07-23 19:20:45,7,MEDIUM,72,
2026-07-23 19:20:45,6,MEDIUM,72,
2026-07-23 19:20:45,6,MEDIUM,72,
2026-07-23 19:20:45,6,MEDIUM,72,
2026-07-23 19:20:46,5,LOW,72,
2026-07-23 19:20:46,6,MEDIUM,72,
2026-07-23 19:20:46,6,MEDIUM,72,
2026-07-23 19:20:46,6,MEDIUM,72,
2026-07-23 19:20:46,6,MEDIUM,72,
2026-07-23 19:20:46,6,MEDIUM,72,
2026-07-23 19:20:46,6,MEDIUM,72,
2026-07-23 19:20:46,6,MEDIUM,72,
2026-07-23 19:20:46,6,MEDIUM,72,
2026-07-23 19:20:46,5,LOW,72,
2026-07-23 19:20:46,4,LOW,72,
2026-07-23 19:20:46,4,LOW,72,
2026-07-23 19:20:46,4,LOW,72,
2026-07-23 19:20:47,4,LOW,72,
2026-07-23 19:20:47,5,LOW,72,
2026-07-23 19:20:47,5,LOW,72,
2026-07-23 19:20:47,5,LOW,72,
2026-07-23 19:20:47,5,LOW,72,
2026-07-23 19:20:47,6,MEDIUM,73,
2026-07-23 19:20:47,5,LOW,73,
2026-07-23 19:20:47,4,LOW,73,
2026-07-23 19:20:47,3,LOW,73,
2026-07-23 19:20:47,4,LOW,73,
2026-07-23 19:20:47,3,LOW,73,
2026-07-23 19:20:47,3,LOW,73,
2026-07-23 19:20:48,4,LOW,73,
2026-07-23 19:20:48,4,LOW,73,
2026-07-23 19:20:48,4,LOW,73,
2026-07-23 19:20:48,4,LOW,73,
2026-07-23 19:20:48,5,LOW,73,
2026-07-23 19:20:48,5,LOW,74,
2026-07-23 19:20:48,4,LOW,74,
2026-07-23 19:20:48,5,LOW,74,
2026-07-23 19:20:48,5,LOW,74,
2026-07-23 19:20:48,5,LOW,74,
2026-07-23 19:20:49,4,LOW,74,
2026-07-23 19:20:49,3,LOW,74,
2026-07-23 19:20:49,4,LOW,74,
2026-07-23 19:20:49,3,LOW,74,
2026-07-23 19:20:49,4,LOW,74,
2026-07-23 19:20:49,5,LOW,74,
2026-07-23 19:20:49,5,LOW,74,
2026-07-23 19:20:49,5,LOW,74,
2026-07-23 19:20:49,5,LOW,75,
2026-07-23 19:20:49,5,LOW,75,
2026-07-23 19:20:49,5,LOW,75,
2026-07-23 19:20:50,5,LOW,76,
2026-07-23 19:20:50,6,MEDIUM,77,
2026-07-23 19:20:50,5,LOW,77,
2026-07-23 19:20:50,7,MEDIUM,77,
2026-07-23 19:20:50,7,MEDIUM,78,
2026-07-23 19:20:50,8,MEDIUM,78,HIGH CROWD
2026-07-23 19:20:50,7,MEDIUM,78,
2026-07-23 19:20:50,7,MEDIUM,78,
2026-07-23 19:20:50,7,MEDIUM,78,
2026-07-23 19:20:50,7,MEDIUM,78,
2026-07-23 19:20:50,7,MEDIUM,78,
2026-07-23 19:20:50,7,MEDIUM,78,
2026-07-23 19:20:50,7,MEDIUM,78,
2026-07-23 19:20:51,8,MEDIUM,78,HIGH CROWD
2026-07-23 19:20:51,9,MEDIUM,79,HIGH CROWD
2026-07-23 19:20:51,9,MEDIUM,79,HIGH CROWD
2026-07-23 19:20:51,9,MEDIUM,79,HIGH CROWD
2026-07-23 19:20:51,9,MEDIUM,79,HIGH CROWD
2026-07-23 19:20:51,8,MEDIUM,79,HIGH CROWD
2026-07-23 19:20:51,8,MEDIUM,79,HIGH CROWD
2026-07-23 19:20:51,8,MEDIUM,79,HIGH CROWD
2026-07-23 19:20:51,8,MEDIUM,79,HIGH CROWD
2026-07-23 19:20:51,8,MEDIUM,79,HIGH CROWD
2026-07-23 19:20:51,8,MEDIUM,79,HIGH CROWD
2026-07-23 19:20:51,8,MEDIUM,79,HIGH CROWD
2026-07-23 19:20:52,6,MEDIUM,79,
2026-07-23 19:20:52,7,MEDIUM,80,
2026-07-23 19:20:52,7,MEDIUM,80,
2026-07-23 19:20:52,8,MEDIUM,80,HIGH CROWD
2026-07-23 19:20:52,9,MEDIUM,81,HIGH CROWD
2026-07-23 19:20:52,8,MEDIUM,81,HIGH CROWD
2026-07-23 19:20:52,8,MEDIUM,81,HIGH CROWD
2026-07-23 19:20:52,8,MEDIUM,82,HIGH CROWD
2026-07-23 19:20:52,7,MEDIUM,82,
2026-07-23 19:20:52,8,MEDIUM,82,HIGH CROWD
2026-07-23 19:20:53,7,MEDIUM,83,
2026-07-23 19:20:53,7,MEDIUM,83,
2026-07-23 19:20:53,8,MEDIUM,83,HIGH CROWD
2026-07-23 19:20:53,9,MEDIUM,83,HIGH CROWD
2026-07-23 19:20:53,7,MEDIUM,83,
2026-07-23 19:20:53,8,MEDIUM,84,HIGH CROWD
2026-07-23 19:20:53,6,MEDIUM,84,
2026-07-23 19:20:53,6,MEDIUM,84,
2026-07-23 19:20:53,7,MEDIUM,84,
2026-07-23 19:20:53,9,MEDIUM,84,HIGH CROWD
2026-07-23 19:20:53,8,MEDIUM,84,HIGH CROWD
2026-07-23 19:20:53,7,MEDIUM,85,
2026-07-23 19:20:54,10,MEDIUM,85,HIGH CROWD
2026-07-23 19:20:54,10,MEDIUM,85,HIGH CROWD
2026-07-23 19:20:54,10,MEDIUM,85,HIGH CROWD
2026-07-23 19:20:54,10,MEDIUM,85,HIGH CROWD
2026-07-23 19:20:54,10,MEDIUM,85,HIGH CROWD
2026-07-23 19:20:54,9,MEDIUM,85,HIGH CROWD
2026-07-23 19:20:54,8,MEDIUM,85,HIGH CROWD
2026-07-23 19:20:54,8,MEDIUM,85,HIGH CROWD
2026-07-23 19:20:54,8,MEDIUM,85,HIGH CROWD
2026-07-23 19:20:54,8,MEDIUM,85,HIGH CROWD
2026-07-23 19:20:54,9,MEDIUM,86,HIGH CROWD
2026-07-23 19:20:54,9,MEDIUM,86,HIGH CROWD
2026-07-23 19:20:55,8,MEDIUM,86,HIGH CROWD
2026-07-23 19:20:55,9,MEDIUM,86,HIGH CROWD
2026-07-23 19:20:55,9,MEDIUM,86,HIGH CROWD
2026-07-23 19:20:55,9,MEDIUM,86,HIGH CROWD
2026-07-23 19:20:55,7,MEDIUM,86,
2026-07-23 19:20:55,7,MEDIUM,86,
2026-07-23 19:20:55,7,MEDIUM,86,
2026-07-23 19:20:55,7,MEDIUM,86,
2026-07-23 19:20:55,8,MEDIUM,86,HIGH CROWD
2026-07-23 19:20:55,7,MEDIUM,86,
2026-07-23 19:20:56,9,MEDIUM,87,HIGH CROWD
2026-07-23 19:20:56,9,MEDIUM,87,HIGH CROWD
2026-07-23 19:20:56,8,MEDIUM,87,HIGH CROWD
2026-07-23 19:20:56,8,MEDIUM,87,HIGH CROWD
2026-07-23 19:20:56,9,MEDIUM,87,HIGH CROWD
2026-07-23 19:20:56,9,MEDIUM,87,HIGH CROWD
2026-07-23 19:20:56,9,MEDIUM,87,HIGH CROWD
2026-07-23 19:20:56,9,MEDIUM,87,HIGH CROWD
2026-07-23 19:20:56,9,MEDIUM,87,HIGH CROWD
2026-07-23 19:20:56,9,MEDIUM,87,HIGH CROWD
2026-07-23 19:20:56,8,MEDIUM,87,HIGH CROWD
2026-07-23 19:20:56,7,MEDIUM,87,
2026-07-23 19:20:57,8,MEDIUM,87,HIGH CROWD
2026-07-23 19:20:57,9,MEDIUM,87,HIGH CROWD
2026-07-23 19:20:57,9,MEDIUM,88,HIGH CROWD
2026-07-23 19:20:57,8,MEDIUM,88,HIGH CROWD
2026-07-23 19:20:57,8,MEDIUM,88,HIGH CROWD
2026-07-23 19:20:57,8,MEDIUM,88,HIGH CROWD
2026-07-23 19:20:57,8,MEDIUM,88,HIGH CROWD
2026-07-23 19:20:57,9,MEDIUM,88,HIGH CROWD
2026-07-23 19:20:57,9,MEDIUM,88,HIGH CROWD
2026-07-23 19:20:57,10,MEDIUM,89,HIGH CROWD
2026-07-23 19:20:57,8,MEDIUM,89,HIGH CROWD
2026-07-23 19:20:58,10,MEDIUM,89,HIGH CROWD
2026-07-23 19:20:58,8,MEDIUM,89,HIGH CROWD
2026-07-23 19:20:58,8,MEDIUM,89,HIGH CROWD
2026-07-23 19:20:58,7,MEDIUM,89,
2026-07-23 19:20:58,7,MEDIUM,89,
2026-07-23 19:20:58,6,MEDIUM,89,
2026-07-23 19:20:58,9,MEDIUM,90,HIGH CROWD
2026-07-23 19:20:58,9,MEDIUM,90,HIGH CROWD
2026-07-23 19:20:58,8,MEDIUM,90,HIGH CROWD
2026-07-23 19:20:58,8,MEDIUM,90,HIGH CROWD
2026-07-23 19:20:58,9,MEDIUM,90,HIGH CROWD
2026-07-23 19:20:58,9,MEDIUM,90,HIGH CROWD
2026-07-23 19:20:58,9,MEDIUM,90,HIGH CROWD
2026-07-23 19:20:59,9,MEDIUM,90,HIGH CROWD
2026-07-23 19:20:59,8,MEDIUM,90,HIGH CROWD
2026-07-23 19:20:59,7,MEDIUM,90,
2026-07-23 19:20:59,7,MEDIUM,90,
2026-07-23 19:20:59,6,MEDIUM,90,
2026-07-23 19:20:59,7,MEDIUM,90,
2026-07-23 19:20:59,7,MEDIUM,90,
2026-07-23 19:20:59,8,MEDIUM,90,HIGH CROWD
2026-07-23 19:20:59,7,MEDIUM,90,
2026-07-23 19:20:59,7,MEDIUM,90,
2026-07-23 19:20:59,7,MEDIUM,90,
2026-07-23 19:20:59,7,MEDIUM,90,
2026-07-23 19:21:00,7,MEDIUM,90,
2026-07-23 19:21:00,6,MEDIUM,90,
2026-07-23 19:21:00,6,MEDIUM,90,
2026-07-23 19:21:00,7,MEDIUM,90,
2026-07-23 19:21:00,8,MEDIUM,90,HIGH CROWD
2026-07-23 19:21:00,8,MEDIUM,91,HIGH CROWD
2026-07-23 19:21:00,9,MEDIUM,91,HIGH CROWD
2026-07-23 19:21:00,8,MEDIUM,91,HIGH CROWD
2026-07-23 19:21:00,9,MEDIUM,91,HIGH CROWD
2026-07-23 19:21:00,9,MEDIUM,91,HIGH CROWD
2026-07-23 19:21:00,9,MEDIUM,91,HIGH CROWD
2026-07-23 19:21:01,9,MEDIUM,91,HIGH CROWD
2026-07-23 19:21:01,9,MEDIUM,91,HIGH CROWD
2026-07-23 19:21:01,9,MEDIUM,91,HIGH CROWD
2026-07-23 19:21:01,9,MEDIUM,91,HIGH CROWD
2026-07-23 19:21:01,9,MEDIUM,91,HIGH CROWD
2026-07-23 19:21:01,10,MEDIUM,91,HIGH CROWD
2026-07-23 19:21:01,9,MEDIUM,91,HIGH CROWD
2026-07-23 19:21:01,9,MEDIUM,91,HIGH CROWD
2026-07-23 19:21:01,9,MEDIUM,91,HIGH CROWD
2026-07-23 19:21:01,9,MEDIUM,91,HIGH CROWD
2026-07-23 19:21:01,9,MEDIUM,91,HIGH CROWD
2026-07-23 19:21:01,9,MEDIUM,91,HIGH CROWD
2026-07-23 19:21:02,9,MEDIUM,91,HIGH CROWD
2026-07-23 19:21:02,9,MEDIUM,91,HIGH CROWD
2026-07-23 19:21:02,7,MEDIUM,91,
2026-07-23 19:21:02,8,MEDIUM,91,HIGH CROWD
2026-07-23 19:21:02,7,MEDIUM,91,
2026-07-23 19:21:02,8,MEDIUM,91,HIGH CROWD
2026-07-23 19:21:02,7,MEDIUM,91,
2026-07-23 19:21:02,8,MEDIUM,91,HIGH CROWD
2026-07-23 19:21:02,7,MEDIUM,91,
2026-07-23 19:21:02,8,MEDIUM,91,HIGH CROWD
2026-07-23 19:21:02,8,MEDIUM,91,HIGH CROWD
2026-07-23 19:21:02,8,MEDIUM,91,HIGH CROWD
2026-07-23 19:21:03,8,MEDIUM,91,HIGH CROWD
2026-07-23 19:21:03,7,MEDIUM,91,
2026-07-23 19:21:03,7,MEDIUM,91,
2026-07-23 19:21:03,8,MEDIUM,91,HIGH CROWD
2026-07-23 19:21:03,8,MEDIUM,91,HIGH CROWD
2026-07-23 19:21:03,8,MEDIUM,91,HIGH CROWD
2026-07-23 19:21:03,9,MEDIUM,91,HIGH CROWD
2026-07-23 19:21:03,7,MEDIUM,91,
2026-07-23 19:21:03,7,MEDIUM,91,
2026-07-23 19:21:03,7,MEDIUM,91,
2026-07-23 19:21:03,8,MEDIUM,91,HIGH CROWD
2026-07-23 19:21:03,8,MEDIUM,91,HIGH CROWD
2026-07-23 19:21:03,7,MEDIUM,91,
